Autonomous Communities and Cities	Index type	Indices and rates	Periodo	Total
Nacional	General	Annual average index	2025	100
Nacional	General	Annual average index	2024	88,749
Nacional	General	Annual average index	2023	81,867
Nacional	General	Annual average index	2022	78,75
Nacional	General	Annual average index	2021	73,332
Nacional	General	Annual average index	2020	70,722
Nacional	General	Annual average index	2019	69,257
Nacional	General	Annual average index	2018	65,921
Nacional	General	Annual average index	2017	61,776
Nacional	General	Annual average index	2016	58,177
Nacional	General	Annual average index	2015	55,585
Nacional	General	Annual average index	2014	53,669
Nacional	General	Annual average index	2013	53,509
Nacional	General	Annual average index	2012	59,853
Nacional	General	Annual average index	2011	69,386
Nacional	General	Annual average index	2010	74,898
Nacional	General	Annual average index	2009	76,42
Nacional	General	Annual average index	2008	81,897
Nacional	General	Annual average index	2007	83,155
Nacional	General	Annual variation	2025	12,7
Nacional	General	Annual variation	2024	8,4
Nacional	General	Annual variation	2023	4
Nacional	General	Annual variation	2022	7,4
Nacional	General	Annual variation	2021	3,7
Nacional	General	Annual variation	2020	2,1
Nacional	General	Annual variation	2019	5,1
Nacional	General	Annual variation	2018	6,7
Nacional	General	Annual variation	2017	6,2
Nacional	General	Annual variation	2016	4,7
Nacional	General	Annual variation	2015	3,6
Nacional	General	Annual variation	2014	0,3
Nacional	General	Annual variation	2013	-10,6
Nacional	General	Annual variation	2012	-13,7
Nacional	General	Annual variation	2011	-7,4
Nacional	General	Annual variation	2010	-2
Nacional	General	Annual variation	2009	-6,7
Nacional	General	Annual variation	2008	-1,5
Nacional	General	Annual variation	2007	9,8
Nacional	New dwelling	Annual average index	2025	100
Nacional	New dwelling	Annual average index	2024	89,851
Nacional	New dwelling	Annual average index	2023	81,053
Nacional	New dwelling	Annual average index	2022	75,032
Nacional	New dwelling	Annual average index	2021	69,524
Nacional	New dwelling	Annual average index	2020	66,457
Nacional	New dwelling	Annual average index	2019	62,403
Nacional	New dwelling	Annual average index	2018	58,147
Nacional	New dwelling	Annual average index	2017	54,659
Nacional	New dwelling	Annual average index	2016	51,598
Nacional	New dwelling	Annual average index	2015	48,438
Nacional	New dwelling	Annual average index	2014	46,248
Nacional	New dwelling	Annual average index	2013	45,85
Nacional	New dwelling	Annual average index	2012	51,181
Nacional	New dwelling	Annual average index	2011	58,351
Nacional	New dwelling	Annual average index	2010	61,531
Nacional	New dwelling	Annual average index	2009	63,213
Nacional	New dwelling	Annual average index	2008	65,94
Nacional	New dwelling	Annual average index	2007	63,288
Nacional	New dwelling	Annual variation	2025	11,3
Nacional	New dwelling	Annual variation	2024	10,9
Nacional	New dwelling	Annual variation	2023	8
Nacional	New dwelling	Annual variation	2022	7,9
Nacional	New dwelling	Annual variation	2021	4,6
Nacional	New dwelling	Annual variation	2020	6,5
Nacional	New dwelling	Annual variation	2019	7,3
Nacional	New dwelling	Annual variation	2018	6,4
Nacional	New dwelling	Annual variation	2017	5,9
Nacional	New dwelling	Annual variation	2016	6,5
Nacional	New dwelling	Annual variation	2015	4,7
Nacional	New dwelling	Annual variation	2014	0,9
Nacional	New dwelling	Annual variation	2013	-10,4
Nacional	New dwelling	Annual variation	2012	-12,3
Nacional	New dwelling	Annual variation	2011	-5,2
Nacional	New dwelling	Annual variation	2010	-2,7
Nacional	New dwelling	Annual variation	2009	-4,1
Nacional	New dwelling	Annual variation	2008	4,2
Nacional	New dwelling	Annual variation	2007	11,9
Nacional	Second-hand dwelling	Annual average index	2025	100
Nacional	Second-hand dwelling	Annual average index	2024	88,566
Nacional	Second-hand dwelling	Annual average index	2023	82,011
Nacional	Second-hand dwelling	Annual average index	2022	79,473
Nacional	Second-hand dwelling	Annual average index	2021	74,079
Nacional	Second-hand dwelling	Annual average index	2020	71,517
Nacional	Second-hand dwelling	Annual average index	2019	70,523
Nacional	Second-hand dwelling	Annual average index	2018	67,334
Nacional	Second-hand dwelling	Annual average index	2017	63,071
Nacional	Second-hand dwelling	Annual average index	2016	59,361
Nacional	Second-hand dwelling	Annual average index	2015	56,877
Nacional	Second-hand dwelling	Annual average index	2014	55,021
Nacional	Second-hand dwelling	Annual average index	2013	54,971
Nacional	Second-hand dwelling	Annual average index	2012	61,699
Nacional	Second-hand dwelling	Annual average index	2011	72,452
Nacional	Second-hand dwelling	Annual average index	2010	80,013
Nacional	Second-hand dwelling	Annual average index	2009	80,981
Nacional	Second-hand dwelling	Annual average index	2008	88,988
Nacional	Second-hand dwelling	Annual average index	2007	94,904
Nacional	Second-hand dwelling	Annual variation	2025	12,9
Nacional	Second-hand dwelling	Annual variation	2024	8
Nacional	Second-hand dwelling	Annual variation	2023	3,2
Nacional	Second-hand dwelling	Annual variation	2022	7,3
Nacional	Second-hand dwelling	Annual variation	2021	3,6
Nacional	Second-hand dwelling	Annual variation	2020	1,4
Nacional	Second-hand dwelling	Annual variation	2019	4,7
Nacional	Second-hand dwelling	Annual variation	2018	6,8
Nacional	Second-hand dwelling	Annual variation	2017	6,3
Nacional	Second-hand dwelling	Annual variation	2016	4,4
Nacional	Second-hand dwelling	Annual variation	2015	3,4
Nacional	Second-hand dwelling	Annual variation	2014	0,1
Nacional	Second-hand dwelling	Annual variation	2013	-10,9
Nacional	Second-hand dwelling	Annual variation	2012	-14,8
Nacional	Second-hand dwelling	Annual variation	2011	-9,4
Nacional	Second-hand dwelling	Annual variation	2010	-1,2
Nacional	Second-hand dwelling	Annual variation	2009	-9
Nacional	Second-hand dwelling	Annual variation	2008	-6,2
Nacional	Second-hand dwelling	Annual variation	2007	8,2
01 Andalucía	General	Annual average index	2025	100
01 Andalucía	General	Annual average index	2024	88,451
01 Andalucía	General	Annual average index	2023	80,133
01 Andalucía	General	Annual average index	2022	76,347
01 Andalucía	General	Annual average index	2021	70,103
01 Andalucía	General	Annual average index	2020	67,033
01 Andalucía	General	Annual average index	2019	65,503
01 Andalucía	General	Annual average index	2018	62,162
01 Andalucía	General	Annual average index	2017	59,22
01 Andalucía	General	Annual average index	2016	57,401
01 Andalucía	General	Annual average index	2015	55,815
01 Andalucía	General	Annual average index	2014	54,184
01 Andalucía	General	Annual average index	2013	54,098
01 Andalucía	General	Annual average index	2012	59,313
01 Andalucía	General	Annual average index	2011	67,244
01 Andalucía	General	Annual average index	2010	71,504
01 Andalucía	General	Annual average index	2009	72,65
01 Andalucía	General	Annual average index	2008	75,09
01 Andalucía	General	Annual average index	2007	73,635
01 Andalucía	General	Annual variation	2025	13,1
01 Andalucía	General	Annual variation	2024	10,4
01 Andalucía	General	Annual variation	2023	5
01 Andalucía	General	Annual variation	2022	8,9
01 Andalucía	General	Annual variation	2021	4,6
01 Andalucía	General	Annual variation	2020	2,3
01 Andalucía	General	Annual variation	2019	5,4
01 Andalucía	General	Annual variation	2018	5
01 Andalucía	General	Annual variation	2017	3,2
01 Andalucía	General	Annual variation	2016	2,8
01 Andalucía	General	Annual variation	2015	3
01 Andalucía	General	Annual variation	2014	0,2
01 Andalucía	General	Annual variation	2013	-8,8
01 Andalucía	General	Annual variation	2012	-11,8
01 Andalucía	General	Annual variation	2011	-6
01 Andalucía	General	Annual variation	2010	-1,6
01 Andalucía	General	Annual variation	2009	-3,2
01 Andalucía	General	Annual variation	2008	2
01 Andalucía	General	Annual variation	2007	12,7
01 Andalucía	New dwelling	Annual average index	2025	100
01 Andalucía	New dwelling	Annual average index	2024	88,539
01 Andalucía	New dwelling	Annual average index	2023	77,634
01 Andalucía	New dwelling	Annual average index	2022	72,394
01 Andalucía	New dwelling	Annual average index	2021	66,011
01 Andalucía	New dwelling	Annual average index	2020	61,912
01 Andalucía	New dwelling	Annual average index	2019	57,669
01 Andalucía	New dwelling	Annual average index	2018	53,571
01 Andalucía	New dwelling	Annual average index	2017	50,721
01 Andalucía	New dwelling	Annual average index	2016	48,74
01 Andalucía	New dwelling	Annual average index	2015	45,515
01 Andalucía	New dwelling	Annual average index	2014	43,167
01 Andalucía	New dwelling	Annual average index	2013	42,523
01 Andalucía	New dwelling	Annual average index	2012	46,637
01 Andalucía	New dwelling	Annual average index	2011	51,79
01 Andalucía	New dwelling	Annual average index	2010	53,907
01 Andalucía	New dwelling	Annual average index	2009	54,918
01 Andalucía	New dwelling	Annual average index	2008	55,121
01 Andalucía	New dwelling	Annual average index	2007	51,646
01 Andalucía	New dwelling	Annual variation	2025	12,9
01 Andalucía	New dwelling	Annual variation	2024	14
01 Andalucía	New dwelling	Annual variation	2023	7,2
01 Andalucía	New dwelling	Annual variation	2022	9,7
01 Andalucía	New dwelling	Annual variation	2021	6,6
01 Andalucía	New dwelling	Annual variation	2020	7,4
01 Andalucía	New dwelling	Annual variation	2019	7,6
01 Andalucía	New dwelling	Annual variation	2018	5,6
01 Andalucía	New dwelling	Annual variation	2017	4,1
01 Andalucía	New dwelling	Annual variation	2016	7,1
01 Andalucía	New dwelling	Annual variation	2015	5,4
01 Andalucía	New dwelling	Annual variation	2014	1,5
01 Andalucía	New dwelling	Annual variation	2013	-8,8
01 Andalucía	New dwelling	Annual variation	2012	-9,9
01 Andalucía	New dwelling	Annual variation	2011	-3,9
01 Andalucía	New dwelling	Annual variation	2010	-1,8
01 Andalucía	New dwelling	Annual variation	2009	-0,4
01 Andalucía	New dwelling	Annual variation	2008	6,7
01 Andalucía	New dwelling	Annual variation	2007	14,5
01 Andalucía	Second-hand dwelling	Annual average index	2025	100
01 Andalucía	Second-hand dwelling	Annual average index	2024	88,435
01 Andalucía	Second-hand dwelling	Annual average index	2023	80,538
01 Andalucía	Second-hand dwelling	Annual average index	2022	77,123
01 Andalucía	Second-hand dwelling	Annual average index	2021	70,917
01 Andalucía	Second-hand dwelling	Annual average index	2020	67,969
01 Andalucía	Second-hand dwelling	Annual average index	2019	66,871
01 Andalucía	Second-hand dwelling	Annual average index	2018	63,61
01 Andalucía	Second-hand dwelling	Annual average index	2017	60,635
01 Andalucía	Second-hand dwelling	Annual average index	2016	58,814
01 Andalucía	Second-hand dwelling	Annual average index	2015	57,511
01 Andalucía	Second-hand dwelling	Annual average index	2014	56,016
01 Andalucía	Second-hand dwelling	Annual average index	2013	56,1
01 Andalucía	Second-hand dwelling	Annual average index	2012	61,465
01 Andalucía	Second-hand dwelling	Annual average index	2011	70,957
01 Andalucía	Second-hand dwelling	Annual average index	2010	77,222
01 Andalucía	Second-hand dwelling	Annual average index	2009	78,185
01 Andalucía	Second-hand dwelling	Annual average index	2008	83,423
01 Andalucía	Second-hand dwelling	Annual average index	2007	85,472
01 Andalucía	Second-hand dwelling	Annual variation	2025	13,1
01 Andalucía	Second-hand dwelling	Annual variation	2024	9,8
01 Andalucía	Second-hand dwelling	Annual variation	2023	4,4
01 Andalucía	Second-hand dwelling	Annual variation	2022	8,8
01 Andalucía	Second-hand dwelling	Annual variation	2021	4,3
01 Andalucía	Second-hand dwelling	Annual variation	2020	1,6
01 Andalucía	Second-hand dwelling	Annual variation	2019	5,1
01 Andalucía	Second-hand dwelling	Annual variation	2018	4,9
01 Andalucía	Second-hand dwelling	Annual variation	2017	3,1
01 Andalucía	Second-hand dwelling	Annual variation	2016	2,3
01 Andalucía	Second-hand dwelling	Annual variation	2015	2,7
01 Andalucía	Second-hand dwelling	Annual variation	2014	-0,1
01 Andalucía	Second-hand dwelling	Annual variation	2013	-8,7
01 Andalucía	Second-hand dwelling	Annual variation	2012	-13,4
01 Andalucía	Second-hand dwelling	Annual variation	2011	-8,1
01 Andalucía	Second-hand dwelling	Annual variation	2010	-1,2
01 Andalucía	Second-hand dwelling	Annual variation	2009	-6,3
01 Andalucía	Second-hand dwelling	Annual variation	2008	-2,4
01 Andalucía	Second-hand dwelling	Annual variation	2007	11,1
02 Aragón	General	Annual average index	2025	100
02 Aragón	General	Annual average index	2024	87,72
02 Aragón	General	Annual average index	2023	79,633
02 Aragón	General	Annual average index	2022	76,64
02 Aragón	General	Annual average index	2021	72,028
02 Aragón	General	Annual average index	2020	69,396
02 Aragón	General	Annual average index	2019	67,669
02 Aragón	General	Annual average index	2018	63,792
02 Aragón	General	Annual average index	2017	60,859
02 Aragón	General	Annual average index	2016	59,179
02 Aragón	General	Annual average index	2015	58,078
02 Aragón	General	Annual average index	2014	57,589
02 Aragón	General	Annual average index	2013	58,945
02 Aragón	General	Annual average index	2012	67,523
02 Aragón	General	Annual average index	2011	78,885
02 Aragón	General	Annual average index	2010	85,935
02 Aragón	General	Annual average index	2009	90,873
02 Aragón	General	Annual average index	2008	99,633
02 Aragón	General	Annual average index	2007	102,65
02 Aragón	General	Annual variation	2025	14
02 Aragón	General	Annual variation	2024	10,2
02 Aragón	General	Annual variation	2023	3,9
02 Aragón	General	Annual variation	2022	6,4
02 Aragón	General	Annual variation	2021	3,8
02 Aragón	General	Annual variation	2020	2,6
02 Aragón	General	Annual variation	2019	6,1
02 Aragón	General	Annual variation	2018	4,8
02 Aragón	General	Annual variation	2017	2,8
02 Aragón	General	Annual variation	2016	1,9
02 Aragón	General	Annual variation	2015	0,9
02 Aragón	General	Annual variation	2014	-2,3
02 Aragón	General	Annual variation	2013	-12,7
02 Aragón	General	Annual variation	2012	-14,4
02 Aragón	General	Annual variation	2011	-8,2
02 Aragón	General	Annual variation	2010	-5,4
02 Aragón	General	Annual variation	2009	-8,8
02 Aragón	General	Annual variation	2008	-2,9
02 Aragón	General	Annual variation	2007	5,8
02 Aragón	New dwelling	Annual average index	2025	100
02 Aragón	New dwelling	Annual average index	2024	91,036
02 Aragón	New dwelling	Annual average index	2023	80,848
02 Aragón	New dwelling	Annual average index	2022	73,802
02 Aragón	New dwelling	Annual average index	2021	68,59
02 Aragón	New dwelling	Annual average index	2020	66,447
02 Aragón	New dwelling	Annual average index	2019	63,879
02 Aragón	New dwelling	Annual average index	2018	59,697
02 Aragón	New dwelling	Annual average index	2017	58,113
02 Aragón	New dwelling	Annual average index	2016	56,301
02 Aragón	New dwelling	Annual average index	2015	54,081
02 Aragón	New dwelling	Annual average index	2014	53,272
02 Aragón	New dwelling	Annual average index	2013	54,216
02 Aragón	New dwelling	Annual average index	2012	62,652
02 Aragón	New dwelling	Annual average index	2011	71,957
02 Aragón	New dwelling	Annual average index	2010	76,382
02 Aragón	New dwelling	Annual average index	2009	82,018
02 Aragón	New dwelling	Annual average index	2008	86,747
02 Aragón	New dwelling	Annual average index	2007	84,449
02 Aragón	New dwelling	Annual variation	2025	9,8
02 Aragón	New dwelling	Annual variation	2024	12,6
02 Aragón	New dwelling	Annual variation	2023	9,5
02 Aragón	New dwelling	Annual variation	2022	7,6
02 Aragón	New dwelling	Annual variation	2021	3,2
02 Aragón	New dwelling	Annual variation	2020	4
02 Aragón	New dwelling	Annual variation	2019	7
02 Aragón	New dwelling	Annual variation	2018	2,7
02 Aragón	New dwelling	Annual variation	2017	3,2
02 Aragón	New dwelling	Annual variation	2016	4,1
02 Aragón	New dwelling	Annual variation	2015	1,5
02 Aragón	New dwelling	Annual variation	2014	-1,7
02 Aragón	New dwelling	Annual variation	2013	-13,5
02 Aragón	New dwelling	Annual variation	2012	-12,9
02 Aragón	New dwelling	Annual variation	2011	-5,8
02 Aragón	New dwelling	Annual variation	2010	-6,9
02 Aragón	New dwelling	Annual variation	2009	-5,5
02 Aragón	New dwelling	Annual variation	2008	2,7
02 Aragón	New dwelling	Annual variation	2007	8,6
02 Aragón	Second-hand dwelling	Annual average index	2025	100
02 Aragón	Second-hand dwelling	Annual average index	2024	86,963
02 Aragón	Second-hand dwelling	Annual average index	2023	79,394
02 Aragón	Second-hand dwelling	Annual average index	2022	77,494
02 Aragón	Second-hand dwelling	Annual average index	2021	73,095
02 Aragón	Second-hand dwelling	Annual average index	2020	70,308
02 Aragón	Second-hand dwelling	Annual average index	2019	68,849
02 Aragón	Second-hand dwelling	Annual average index	2018	65,056
02 Aragón	Second-hand dwelling	Annual average index	2017	61,842
02 Aragón	Second-hand dwelling	Annual average index	2016	60,153
02 Aragón	Second-hand dwelling	Annual average index	2015	59,299
02 Aragón	Second-hand dwelling	Annual average index	2014	58,902
02 Aragón	Second-hand dwelling	Annual average index	2013	60,418
02 Aragón	Second-hand dwelling	Annual average index	2012	68,965
02 Aragón	Second-hand dwelling	Annual average index	2011	81,615
02 Aragón	Second-hand dwelling	Annual average index	2010	91,337
02 Aragón	Second-hand dwelling	Annual average index	2009	94,574
02 Aragón	Second-hand dwelling	Annual average index	2008	107,753
02 Aragón	Second-hand dwelling	Annual average index	2007	117,497
02 Aragón	Second-hand dwelling	Annual variation	2025	15
02 Aragón	Second-hand dwelling	Annual variation	2024	9,5
02 Aragón	Second-hand dwelling	Annual variation	2023	2,5
02 Aragón	Second-hand dwelling	Annual variation	2022	6
02 Aragón	Second-hand dwelling	Annual variation	2021	4
02 Aragón	Second-hand dwelling	Annual variation	2020	2,1
02 Aragón	Second-hand dwelling	Annual variation	2019	5,8
02 Aragón	Second-hand dwelling	Annual variation	2018	5,2
02 Aragón	Second-hand dwelling	Annual variation	2017	2,8
02 Aragón	Second-hand dwelling	Annual variation	2016	1,4
02 Aragón	Second-hand dwelling	Annual variation	2015	0,7
02 Aragón	Second-hand dwelling	Annual variation	2014	-2,5
02 Aragón	Second-hand dwelling	Annual variation	2013	-12,4
02 Aragón	Second-hand dwelling	Annual variation	2012	-15,5
02 Aragón	Second-hand dwelling	Annual variation	2011	-10,6
02 Aragón	Second-hand dwelling	Annual variation	2010	-3,4
02 Aragón	Second-hand dwelling	Annual variation	2009	-12,2
02 Aragón	Second-hand dwelling	Annual variation	2008	-8,3
02 Aragón	Second-hand dwelling	Annual variation	2007	3,3
03 Asturias, Principado de	General	Annual average index	2025	100
03 Asturias, Principado de	General	Annual average index	2024	88,097
03 Asturias, Principado de	General	Annual average index	2023	81,731
03 Asturias, Principado de	General	Annual average index	2022	78,785
03 Asturias, Principado de	General	Annual average index	2021	74,18
03 Asturias, Principado de	General	Annual average index	2020	71,224
03 Asturias, Principado de	General	Annual average index	2019	69,032
03 Asturias, Principado de	General	Annual average index	2018	66,261
03 Asturias, Principado de	General	Annual average index	2017	64,021
03 Asturias, Principado de	General	Annual average index	2016	63,323
03 Asturias, Principado de	General	Annual average index	2015	62,438
03 Asturias, Principado de	General	Annual average index	2014	61,508
03 Asturias, Principado de	General	Annual average index	2013	62,914
03 Asturias, Principado de	General	Annual average index	2012	71,514
03 Asturias, Principado de	General	Annual average index	2011	83,683
03 Asturias, Principado de	General	Annual average index	2010	88,784
03 Asturias, Principado de	General	Annual average index	2009	90,096
03 Asturias, Principado de	General	Annual average index	2008	90,939
03 Asturias, Principado de	General	Annual average index	2007	89,88
03 Asturias, Principado de	General	Annual variation	2025	13,5
03 Asturias, Principado de	General	Annual variation	2024	7,8
03 Asturias, Principado de	General	Annual variation	2023	3,7
03 Asturias, Principado de	General	Annual variation	2022	6,2
03 Asturias, Principado de	General	Annual variation	2021	4,2
03 Asturias, Principado de	General	Annual variation	2020	3,2
03 Asturias, Principado de	General	Annual variation	2019	4,2
03 Asturias, Principado de	General	Annual variation	2018	3,5
03 Asturias, Principado de	General	Annual variation	2017	1,1
03 Asturias, Principado de	General	Annual variation	2016	1,4
03 Asturias, Principado de	General	Annual variation	2015	1,5
03 Asturias, Principado de	General	Annual variation	2014	-2,2
03 Asturias, Principado de	General	Annual variation	2013	-12
03 Asturias, Principado de	General	Annual variation	2012	-14,5
03 Asturias, Principado de	General	Annual variation	2011	-5,7
03 Asturias, Principado de	General	Annual variation	2010	-1,5
03 Asturias, Principado de	General	Annual variation	2009	-0,9
03 Asturias, Principado de	General	Annual variation	2008	1,2
03 Asturias, Principado de	General	Annual variation	2007	12
03 Asturias, Principado de	New dwelling	Annual average index	2025	100
03 Asturias, Principado de	New dwelling	Annual average index	2024	90,459
03 Asturias, Principado de	New dwelling	Annual average index	2023	84,201
03 Asturias, Principado de	New dwelling	Annual average index	2022	76,947
03 Asturias, Principado de	New dwelling	Annual average index	2021	71,905
03 Asturias, Principado de	New dwelling	Annual average index	2020	70,016
03 Asturias, Principado de	New dwelling	Annual average index	2019	65,777
03 Asturias, Principado de	New dwelling	Annual average index	2018	62,084
03 Asturias, Principado de	New dwelling	Annual average index	2017	58,881
03 Asturias, Principado de	New dwelling	Annual average index	2016	58,176
03 Asturias, Principado de	New dwelling	Annual average index	2015	55,74
03 Asturias, Principado de	New dwelling	Annual average index	2014	54,003
03 Asturias, Principado de	New dwelling	Annual average index	2013	54,061
03 Asturias, Principado de	New dwelling	Annual average index	2012	61,655
03 Asturias, Principado de	New dwelling	Annual average index	2011	71,595
03 Asturias, Principado de	New dwelling	Annual average index	2010	74,912
03 Asturias, Principado de	New dwelling	Annual average index	2009	76,668
03 Asturias, Principado de	New dwelling	Annual average index	2008	76,055
03 Asturias, Principado de	New dwelling	Annual average index	2007	72,348
03 Asturias, Principado de	New dwelling	Annual variation	2025	10,5
03 Asturias, Principado de	New dwelling	Annual variation	2024	7,4
03 Asturias, Principado de	New dwelling	Annual variation	2023	9,4
03 Asturias, Principado de	New dwelling	Annual variation	2022	7
03 Asturias, Principado de	New dwelling	Annual variation	2021	2,7
03 Asturias, Principado de	New dwelling	Annual variation	2020	6,4
03 Asturias, Principado de	New dwelling	Annual variation	2019	5,9
03 Asturias, Principado de	New dwelling	Annual variation	2018	5,4
03 Asturias, Principado de	New dwelling	Annual variation	2017	1,2
03 Asturias, Principado de	New dwelling	Annual variation	2016	4,4
03 Asturias, Principado de	New dwelling	Annual variation	2015	3,2
03 Asturias, Principado de	New dwelling	Annual variation	2014	-0,1
03 Asturias, Principado de	New dwelling	Annual variation	2013	-12,3
03 Asturias, Principado de	New dwelling	Annual variation	2012	-13,9
03 Asturias, Principado de	New dwelling	Annual variation	2011	-4,4
03 Asturias, Principado de	New dwelling	Annual variation	2010	-2,3
03 Asturias, Principado de	New dwelling	Annual variation	2009	0,8
03 Asturias, Principado de	New dwelling	Annual variation	2008	5,1
03 Asturias, Principado de	New dwelling	Annual variation	2007	13,5
03 Asturias, Principado de	Second-hand dwelling	Annual average index	2025	100
03 Asturias, Principado de	Second-hand dwelling	Annual average index	2024	87,689
03 Asturias, Principado de	Second-hand dwelling	Annual average index	2023	81,321
03 Asturias, Principado de	Second-hand dwelling	Annual average index	2022	79,038
03 Asturias, Principado de	Second-hand dwelling	Annual average index	2021	74,534
03 Asturias, Principado de	Second-hand dwelling	Annual average index	2020	71,388
03 Asturias, Principado de	Second-hand dwelling	Annual average index	2019	69,487
03 Asturias, Principado de	Second-hand dwelling	Annual average index	2018	66,856
03 Asturias, Principado de	Second-hand dwelling	Annual average index	2017	64,768
03 Asturias, Principado de	Second-hand dwelling	Annual average index	2016	64,015
03 Asturias, Principado de	Second-hand dwelling	Annual average index	2015	63,492
03 Asturias, Principado de	Second-hand dwelling	Annual average index	2014	62,732
03 Asturias, Principado de	Second-hand dwelling	Annual average index	2013	64,794
03 Asturias, Principado de	Second-hand dwelling	Annual average index	2012	73,744
03 Asturias, Principado de	Second-hand dwelling	Annual average index	2011	87,366
03 Asturias, Principado de	Second-hand dwelling	Annual average index	2010	95,065
03 Asturias, Principado de	Second-hand dwelling	Annual average index	2009	95,258
03 Asturias, Principado de	Second-hand dwelling	Annual average index	2008	98,173
03 Asturias, Principado de	Second-hand dwelling	Annual average index	2007	101,471
03 Asturias, Principado de	Second-hand dwelling	Annual variation	2025	14
03 Asturias, Principado de	Second-hand dwelling	Annual variation	2024	7,8
03 Asturias, Principado de	Second-hand dwelling	Annual variation	2023	2,9
03 Asturias, Principado de	Second-hand dwelling	Annual variation	2022	6
03 Asturias, Principado de	Second-hand dwelling	Annual variation	2021	4,4
03 Asturias, Principado de	Second-hand dwelling	Annual variation	2020	2,7
03 Asturias, Principado de	Second-hand dwelling	Annual variation	2019	3,9
03 Asturias, Principado de	Second-hand dwelling	Annual variation	2018	3,2
03 Asturias, Principado de	Second-hand dwelling	Annual variation	2017	1,2
03 Asturias, Principado de	Second-hand dwelling	Annual variation	2016	0,8
03 Asturias, Principado de	Second-hand dwelling	Annual variation	2015	1,2
03 Asturias, Principado de	Second-hand dwelling	Annual variation	2014	-3,2
03 Asturias, Principado de	Second-hand dwelling	Annual variation	2013	-12,1
03 Asturias, Principado de	Second-hand dwelling	Annual variation	2012	-15,6
03 Asturias, Principado de	Second-hand dwelling	Annual variation	2011	-8,1
03 Asturias, Principado de	Second-hand dwelling	Annual variation	2010	-0,2
03 Asturias, Principado de	Second-hand dwelling	Annual variation	2009	-3
03 Asturias, Principado de	Second-hand dwelling	Annual variation	2008	-3,3
03 Asturias, Principado de	Second-hand dwelling	Annual variation	2007	10,4
04 Balears, Illes	General	Annual average index	2025	100
04 Balears, Illes	General	Annual average index	2024	89,3
04 Balears, Illes	General	Annual average index	2023	83,765
04 Balears, Illes	General	Annual average index	2022	80,48
04 Balears, Illes	General	Annual average index	2021	73,699
04 Balears, Illes	General	Annual average index	2020	69,649
04 Balears, Illes	General	Annual average index	2019	66,932
04 Balears, Illes	General	Annual average index	2018	63,133
04 Balears, Illes	General	Annual average index	2017	58,747
04 Balears, Illes	General	Annual average index	2016	54,416
04 Balears, Illes	General	Annual average index	2015	51,25
04 Balears, Illes	General	Annual average index	2014	48,169
04 Balears, Illes	General	Annual average index	2013	47,96
04 Balears, Illes	General	Annual average index	2012	51,655
04 Balears, Illes	General	Annual average index	2011	59,952
04 Balears, Illes	General	Annual average index	2010	63,412
04 Balears, Illes	General	Annual average index	2009	64,718
04 Balears, Illes	General	Annual average index	2008	70,483
04 Balears, Illes	General	Annual average index	2007	71,227
04 Balears, Illes	General	Annual variation	2025	12
04 Balears, Illes	General	Annual variation	2024	6,6
04 Balears, Illes	General	Annual variation	2023	4,1
04 Balears, Illes	General	Annual variation	2022	9,2
04 Balears, Illes	General	Annual variation	2021	5,8
04 Balears, Illes	General	Annual variation	2020	4,1
04 Balears, Illes	General	Annual variation	2019	6
04 Balears, Illes	General	Annual variation	2018	7,5
04 Balears, Illes	General	Annual variation	2017	8
04 Balears, Illes	General	Annual variation	2016	6,2
04 Balears, Illes	General	Annual variation	2015	6,4
04 Balears, Illes	General	Annual variation	2014	0,4
04 Balears, Illes	General	Annual variation	2013	-7,2
04 Balears, Illes	General	Annual variation	2012	-13,8
04 Balears, Illes	General	Annual variation	2011	-5,5
04 Balears, Illes	General	Annual variation	2010	-2
04 Balears, Illes	General	Annual variation	2009	-8,2
04 Balears, Illes	General	Annual variation	2008	-1
04 Balears, Illes	General	Annual variation	2007	10,4
04 Balears, Illes	New dwelling	Annual average index	2025	100
04 Balears, Illes	New dwelling	Annual average index	2024	88,177
04 Balears, Illes	New dwelling	Annual average index	2023	79,09
04 Balears, Illes	New dwelling	Annual average index	2022	72,363
04 Balears, Illes	New dwelling	Annual average index	2021	65,877
04 Balears, Illes	New dwelling	Annual average index	2020	61,375
04 Balears, Illes	New dwelling	Annual average index	2019	55,511
04 Balears, Illes	New dwelling	Annual average index	2018	51,473
04 Balears, Illes	New dwelling	Annual average index	2017	48,281
04 Balears, Illes	New dwelling	Annual average index	2016	45,041
04 Balears, Illes	New dwelling	Annual average index	2015	43,089
04 Balears, Illes	New dwelling	Annual average index	2014	39,962
04 Balears, Illes	New dwelling	Annual average index	2013	39,281
04 Balears, Illes	New dwelling	Annual average index	2012	41,985
04 Balears, Illes	New dwelling	Annual average index	2011	48,344
04 Balears, Illes	New dwelling	Annual average index	2010	49,853
04 Balears, Illes	New dwelling	Annual average index	2009	51,292
04 Balears, Illes	New dwelling	Annual average index	2008	52,811
04 Balears, Illes	New dwelling	Annual average index	2007	50,177
04 Balears, Illes	New dwelling	Annual variation	2025	13,4
04 Balears, Illes	New dwelling	Annual variation	2024	11,5
04 Balears, Illes	New dwelling	Annual variation	2023	9,3
04 Balears, Illes	New dwelling	Annual variation	2022	9,8
04 Balears, Illes	New dwelling	Annual variation	2021	7,3
04 Balears, Illes	New dwelling	Annual variation	2020	10,6
04 Balears, Illes	New dwelling	Annual variation	2019	7,8
04 Balears, Illes	New dwelling	Annual variation	2018	6,6
04 Balears, Illes	New dwelling	Annual variation	2017	7,2
04 Balears, Illes	New dwelling	Annual variation	2016	4,5
04 Balears, Illes	New dwelling	Annual variation	2015	7,8
04 Balears, Illes	New dwelling	Annual variation	2014	1,7
04 Balears, Illes	New dwelling	Annual variation	2013	-6,4
04 Balears, Illes	New dwelling	Annual variation	2012	-13,2
04 Balears, Illes	New dwelling	Annual variation	2011	-3
04 Balears, Illes	New dwelling	Annual variation	2010	-2,8
04 Balears, Illes	New dwelling	Annual variation	2009	-2,9
04 Balears, Illes	New dwelling	Annual variation	2008	5,2
04 Balears, Illes	New dwelling	Annual variation	2007	12,1
04 Balears, Illes	Second-hand dwelling	Annual average index	2025	100
04 Balears, Illes	Second-hand dwelling	Annual average index	2024	89,425
04 Balears, Illes	Second-hand dwelling	Annual average index	2023	84,452
04 Balears, Illes	Second-hand dwelling	Annual average index	2022	81,694
04 Balears, Illes	Second-hand dwelling	Annual average index	2021	74,857
04 Balears, Illes	Second-hand dwelling	Annual average index	2020	70,754
04 Balears, Illes	Second-hand dwelling	Annual average index	2019	68,328
04 Balears, Illes	Second-hand dwelling	Annual average index	2018	64,536
04 Balears, Illes	Second-hand dwelling	Annual average index	2017	60,01
04 Balears, Illes	Second-hand dwelling	Annual average index	2016	55,531
04 Balears, Illes	Second-hand dwelling	Annual average index	2015	52,199
04 Balears, Illes	Second-hand dwelling	Annual average index	2014	49,095
04 Balears, Illes	Second-hand dwelling	Annual average index	2013	49,074
04 Balears, Illes	Second-hand dwelling	Annual average index	2012	53,09
04 Balears, Illes	Second-hand dwelling	Annual average index	2011	61,787
04 Balears, Illes	Second-hand dwelling	Annual average index	2010	66,504
04 Balears, Illes	Second-hand dwelling	Annual average index	2009	67,486
04 Balears, Illes	Second-hand dwelling	Annual average index	2008	76,223
04 Balears, Illes	Second-hand dwelling	Annual average index	2007	79,755
04 Balears, Illes	Second-hand dwelling	Annual variation	2025	11,8
04 Balears, Illes	Second-hand dwelling	Annual variation	2024	5,9
04 Balears, Illes	Second-hand dwelling	Annual variation	2023	3,4
04 Balears, Illes	Second-hand dwelling	Annual variation	2022	9,1
04 Balears, Illes	Second-hand dwelling	Annual variation	2021	5,8
04 Balears, Illes	Second-hand dwelling	Annual variation	2020	3,5
04 Balears, Illes	Second-hand dwelling	Annual variation	2019	5,9
04 Balears, Illes	Second-hand dwelling	Annual variation	2018	7,5
04 Balears, Illes	Second-hand dwelling	Annual variation	2017	8,1
04 Balears, Illes	Second-hand dwelling	Annual variation	2016	6,4
04 Balears, Illes	Second-hand dwelling	Annual variation	2015	6,3
04 Balears, Illes	Second-hand dwelling	Annual variation	2014	0
04 Balears, Illes	Second-hand dwelling	Annual variation	2013	-7,6
04 Balears, Illes	Second-hand dwelling	Annual variation	2012	-14,1
04 Balears, Illes	Second-hand dwelling	Annual variation	2011	-7,1
04 Balears, Illes	Second-hand dwelling	Annual variation	2010	-1,5
04 Balears, Illes	Second-hand dwelling	Annual variation	2009	-11,5
04 Balears, Illes	Second-hand dwelling	Annual variation	2008	-4,4
04 Balears, Illes	Second-hand dwelling	Annual variation	2007	9,5
05 Canarias	General	Annual average index	2025	100
05 Canarias	General	Annual average index	2024	89,442
05 Canarias	General	Annual average index	2023	82,804
05 Canarias	General	Annual average index	2022	78,639
05 Canarias	General	Annual average index	2021	72,079
05 Canarias	General	Annual average index	2020	68,164
05 Canarias	General	Annual average index	2019	67,377
05 Canarias	General	Annual average index	2018	64,907
05 Canarias	General	Annual average index	2017	61,82
05 Canarias	General	Annual average index	2016	59,216
05 Canarias	General	Annual average index	2015	57,3
05 Canarias	General	Annual average index	2014	55,415
05 Canarias	General	Annual average index	2013	56,127
05 Canarias	General	Annual average index	2012	61,41
05 Canarias	General	Annual average index	2011	70,829
05 Canarias	General	Annual average index	2010	75,125
05 Canarias	General	Annual average index	2009	77,035
05 Canarias	General	Annual average index	2008	80,095
05 Canarias	General	Annual average index	2007	78,67
05 Canarias	General	Annual variation	2025	11,8
05 Canarias	General	Annual variation	2024	8
05 Canarias	General	Annual variation	2023	5,3
05 Canarias	General	Annual variation	2022	9,1
05 Canarias	General	Annual variation	2021	5,7
05 Canarias	General	Annual variation	2020	1,2
05 Canarias	General	Annual variation	2019	3,8
05 Canarias	General	Annual variation	2018	5
05 Canarias	General	Annual variation	2017	4,4
05 Canarias	General	Annual variation	2016	3,3
05 Canarias	General	Annual variation	2015	3,4
05 Canarias	General	Annual variation	2014	-1,3
05 Canarias	General	Annual variation	2013	-8,6
05 Canarias	General	Annual variation	2012	-13,3
05 Canarias	General	Annual variation	2011	-5,7
05 Canarias	General	Annual variation	2010	-2,5
05 Canarias	General	Annual variation	2009	-3,8
05 Canarias	General	Annual variation	2008	1,8
05 Canarias	General	Annual variation	2007	12,1
05 Canarias	New dwelling	Annual average index	2025	100
05 Canarias	New dwelling	Annual average index	2024	89,839
05 Canarias	New dwelling	Annual average index	2023	81,374
05 Canarias	New dwelling	Annual average index	2022	73,782
05 Canarias	New dwelling	Annual average index	2021	67,345
05 Canarias	New dwelling	Annual average index	2020	64,277
05 Canarias	New dwelling	Annual average index	2019	60,842
05 Canarias	New dwelling	Annual average index	2018	57,793
05 Canarias	New dwelling	Annual average index	2017	55,279
05 Canarias	New dwelling	Annual average index	2016	53,066
05 Canarias	New dwelling	Annual average index	2015	49,59
05 Canarias	New dwelling	Annual average index	2014	47,076
05 Canarias	New dwelling	Annual average index	2013	47,167
05 Canarias	New dwelling	Annual average index	2012	52,611
05 Canarias	New dwelling	Annual average index	2011	59,964
05 Canarias	New dwelling	Annual average index	2010	62,874
05 Canarias	New dwelling	Annual average index	2009	64,814
05 Canarias	New dwelling	Annual average index	2008	65,39
05 Canarias	New dwelling	Annual average index	2007	61,369
05 Canarias	New dwelling	Annual variation	2025	11,3
05 Canarias	New dwelling	Annual variation	2024	10,4
05 Canarias	New dwelling	Annual variation	2023	10,3
05 Canarias	New dwelling	Annual variation	2022	9,6
05 Canarias	New dwelling	Annual variation	2021	4,8
05 Canarias	New dwelling	Annual variation	2020	5,6
05 Canarias	New dwelling	Annual variation	2019	5,3
05 Canarias	New dwelling	Annual variation	2018	4,5
05 Canarias	New dwelling	Annual variation	2017	4,2
05 Canarias	New dwelling	Annual variation	2016	7
05 Canarias	New dwelling	Annual variation	2015	5,3
05 Canarias	New dwelling	Annual variation	2014	-0,2
05 Canarias	New dwelling	Annual variation	2013	-10,3
05 Canarias	New dwelling	Annual variation	2012	-12,3
05 Canarias	New dwelling	Annual variation	2011	-4,6
05 Canarias	New dwelling	Annual variation	2010	-3
05 Canarias	New dwelling	Annual variation	2009	-0,9
05 Canarias	New dwelling	Annual variation	2008	6,6
05 Canarias	New dwelling	Annual variation	2007	13,8
05 Canarias	Second-hand dwelling	Annual average index	2025	100
05 Canarias	Second-hand dwelling	Annual average index	2024	89,385
05 Canarias	Second-hand dwelling	Annual average index	2023	82,913
05 Canarias	Second-hand dwelling	Annual average index	2022	79,068
05 Canarias	Second-hand dwelling	Annual average index	2021	72,499
05 Canarias	Second-hand dwelling	Annual average index	2020	68,507
05 Canarias	Second-hand dwelling	Annual average index	2019	67,948
05 Canarias	Second-hand dwelling	Annual average index	2018	65,533
05 Canarias	Second-hand dwelling	Annual average index	2017	62,393
05 Canarias	Second-hand dwelling	Annual average index	2016	59,734
05 Canarias	Second-hand dwelling	Annual average index	2015	58,056
05 Canarias	Second-hand dwelling	Annual average index	2014	56,287
05 Canarias	Second-hand dwelling	Annual average index	2013	57,138
05 Canarias	Second-hand dwelling	Annual average index	2012	62,265
05 Canarias	Second-hand dwelling	Annual average index	2011	72,225
05 Canarias	Second-hand dwelling	Annual average index	2010	77,317
05 Canarias	Second-hand dwelling	Annual average index	2009	78,842
05 Canarias	Second-hand dwelling	Annual average index	2008	84,656
05 Canarias	Second-hand dwelling	Annual average index	2007	86,992
05 Canarias	Second-hand dwelling	Annual variation	2025	11,9
05 Canarias	Second-hand dwelling	Annual variation	2024	7,8
05 Canarias	Second-hand dwelling	Annual variation	2023	4,9
05 Canarias	Second-hand dwelling	Annual variation	2022	9,1
05 Canarias	Second-hand dwelling	Annual variation	2021	5,8
05 Canarias	Second-hand dwelling	Annual variation	2020	0,8
05 Canarias	Second-hand dwelling	Annual variation	2019	3,7
05 Canarias	Second-hand dwelling	Annual variation	2018	5
05 Canarias	Second-hand dwelling	Annual variation	2017	4,5
05 Canarias	Second-hand dwelling	Annual variation	2016	2,9
05 Canarias	Second-hand dwelling	Annual variation	2015	3,1
05 Canarias	Second-hand dwelling	Annual variation	2014	-1,5
05 Canarias	Second-hand dwelling	Annual variation	2013	-8,2
05 Canarias	Second-hand dwelling	Annual variation	2012	-13,8
05 Canarias	Second-hand dwelling	Annual variation	2011	-6,6
05 Canarias	Second-hand dwelling	Annual variation	2010	-1,9
05 Canarias	Second-hand dwelling	Annual variation	2009	-6,9
05 Canarias	Second-hand dwelling	Annual variation	2008	-2,7
05 Canarias	Second-hand dwelling	Annual variation	2007	10,5
06 Cantabria	General	Annual average index	2025	100
06 Cantabria	General	Annual average index	2024	89,412
06 Cantabria	General	Annual average index	2023	82,002
06 Cantabria	General	Annual average index	2022	77,989
06 Cantabria	General	Annual average index	2021	71,102
06 Cantabria	General	Annual average index	2020	67,399
06 Cantabria	General	Annual average index	2019	66,595
06 Cantabria	General	Annual average index	2018	64,601
06 Cantabria	General	Annual average index	2017	61,023
06 Cantabria	General	Annual average index	2016	58,658
06 Cantabria	General	Annual average index	2015	57,201
06 Cantabria	General	Annual average index	2014	55,605
06 Cantabria	General	Annual average index	2013	54,661
06 Cantabria	General	Annual average index	2012	60,122
06 Cantabria	General	Annual average index	2011	70,012
06 Cantabria	General	Annual average index	2010	77,155
06 Cantabria	General	Annual average index	2009	82,087
06 Cantabria	General	Annual average index	2008	88,078
06 Cantabria	General	Annual average index	2007	87,022
06 Cantabria	General	Annual variation	2025	11,8
06 Cantabria	General	Annual variation	2024	9
06 Cantabria	General	Annual variation	2023	5,1
06 Cantabria	General	Annual variation	2022	9,7
06 Cantabria	General	Annual variation	2021	5,5
06 Cantabria	General	Annual variation	2020	1,2
06 Cantabria	General	Annual variation	2019	3,1
06 Cantabria	General	Annual variation	2018	5,9
06 Cantabria	General	Annual variation	2017	4
06 Cantabria	General	Annual variation	2016	2,5
06 Cantabria	General	Annual variation	2015	2,9
06 Cantabria	General	Annual variation	2014	1,7
06 Cantabria	General	Annual variation	2013	-9,1
06 Cantabria	General	Annual variation	2012	-14,1
06 Cantabria	General	Annual variation	2011	-9,3
06 Cantabria	General	Annual variation	2010	-6
06 Cantabria	General	Annual variation	2009	-6,8
06 Cantabria	General	Annual variation	2008	1,2
06 Cantabria	General	Annual variation	2007	9,9
06 Cantabria	New dwelling	Annual average index	2025	100
06 Cantabria	New dwelling	Annual average index	2024	93,158
06 Cantabria	New dwelling	Annual average index	2023	82,437
06 Cantabria	New dwelling	Annual average index	2022	73,9
06 Cantabria	New dwelling	Annual average index	2021	67,64
06 Cantabria	New dwelling	Annual average index	2020	64,754
06 Cantabria	New dwelling	Annual average index	2019	61,311
06 Cantabria	New dwelling	Annual average index	2018	58,424
06 Cantabria	New dwelling	Annual average index	2017	56,331
06 Cantabria	New dwelling	Annual average index	2016	54,901
06 Cantabria	New dwelling	Annual average index	2015	52,799
06 Cantabria	New dwelling	Annual average index	2014	50,545
06 Cantabria	New dwelling	Annual average index	2013	48,192
06 Cantabria	New dwelling	Annual average index	2012	51,976
06 Cantabria	New dwelling	Annual average index	2011	60,038
06 Cantabria	New dwelling	Annual average index	2010	65,594
06 Cantabria	New dwelling	Annual average index	2009	71,136
06 Cantabria	New dwelling	Annual average index	2008	75,021
06 Cantabria	New dwelling	Annual average index	2007	70,869
06 Cantabria	New dwelling	Annual variation	2025	7,3
06 Cantabria	New dwelling	Annual variation	2024	13
06 Cantabria	New dwelling	Annual variation	2023	11,6
06 Cantabria	New dwelling	Annual variation	2022	9,3
06 Cantabria	New dwelling	Annual variation	2021	4,5
06 Cantabria	New dwelling	Annual variation	2020	5,6
06 Cantabria	New dwelling	Annual variation	2019	4,9
06 Cantabria	New dwelling	Annual variation	2018	3,7
06 Cantabria	New dwelling	Annual variation	2017	2,6
06 Cantabria	New dwelling	Annual variation	2016	4
06 Cantabria	New dwelling	Annual variation	2015	4,5
06 Cantabria	New dwelling	Annual variation	2014	4,9
06 Cantabria	New dwelling	Annual variation	2013	-7,3
06 Cantabria	New dwelling	Annual variation	2012	-13,4
06 Cantabria	New dwelling	Annual variation	2011	-8,5
06 Cantabria	New dwelling	Annual variation	2010	-7,8
06 Cantabria	New dwelling	Annual variation	2009	-5,2
06 Cantabria	New dwelling	Annual variation	2008	5,9
06 Cantabria	New dwelling	Annual variation	2007	11,4
06 Cantabria	Second-hand dwelling	Annual average index	2025	100
06 Cantabria	Second-hand dwelling	Annual average index	2024	88,868
06 Cantabria	Second-hand dwelling	Annual average index	2023	81,975
06 Cantabria	Second-hand dwelling	Annual average index	2022	78,675
06 Cantabria	Second-hand dwelling	Annual average index	2021	71,685
06 Cantabria	Second-hand dwelling	Annual average index	2020	67,835
06 Cantabria	Second-hand dwelling	Annual average index	2019	67,462
06 Cantabria	Second-hand dwelling	Annual average index	2018	65,624
06 Cantabria	Second-hand dwelling	Annual average index	2017	61,766
06 Cantabria	Second-hand dwelling	Annual average index	2016	59,157
06 Cantabria	Second-hand dwelling	Annual average index	2015	57,886
06 Cantabria	Second-hand dwelling	Annual average index	2014	56,466
06 Cantabria	Second-hand dwelling	Annual average index	2013	56,307
06 Cantabria	Second-hand dwelling	Annual average index	2012	63,11
06 Cantabria	Second-hand dwelling	Annual average index	2011	74,23
06 Cantabria	Second-hand dwelling	Annual average index	2010	83,135
06 Cantabria	Second-hand dwelling	Annual average index	2009	84,764
06 Cantabria	Second-hand dwelling	Annual average index	2008	92,838
06 Cantabria	Second-hand dwelling	Annual average index	2007	96,945
06 Cantabria	Second-hand dwelling	Annual variation	2025	12,5
06 Cantabria	Second-hand dwelling	Annual variation	2024	8,4
06 Cantabria	Second-hand dwelling	Annual variation	2023	4,2
06 Cantabria	Second-hand dwelling	Annual variation	2022	9,8
06 Cantabria	Second-hand dwelling	Annual variation	2021	5,7
06 Cantabria	Second-hand dwelling	Annual variation	2020	0,6
06 Cantabria	Second-hand dwelling	Annual variation	2019	2,8
06 Cantabria	Second-hand dwelling	Annual variation	2018	6,2
06 Cantabria	Second-hand dwelling	Annual variation	2017	4,4
06 Cantabria	Second-hand dwelling	Annual variation	2016	2,2
06 Cantabria	Second-hand dwelling	Annual variation	2015	2,5
06 Cantabria	Second-hand dwelling	Annual variation	2014	0,3
06 Cantabria	Second-hand dwelling	Annual variation	2013	-10,8
06 Cantabria	Second-hand dwelling	Annual variation	2012	-15
06 Cantabria	Second-hand dwelling	Annual variation	2011	-10,7
06 Cantabria	Second-hand dwelling	Annual variation	2010	-1,9
06 Cantabria	Second-hand dwelling	Annual variation	2009	-8,7
06 Cantabria	Second-hand dwelling	Annual variation	2008	-4,2
06 Cantabria	Second-hand dwelling	Annual variation	2007	8,2
07 Castilla y León	General	Annual average index	2025	100
07 Castilla y León	General	Annual average index	2024	87,747
07 Castilla y León	General	Annual average index	2023	81,36
07 Castilla y León	General	Annual average index	2022	79,13
07 Castilla y León	General	Annual average index	2021	74,616
07 Castilla y León	General	Annual average index	2020	72,053
07 Castilla y León	General	Annual average index	2019	70,397
07 Castilla y León	General	Annual average index	2018	67,155
07 Castilla y León	General	Annual average index	2017	64,51
07 Castilla y León	General	Annual average index	2016	63,472
07 Castilla y León	General	Annual average index	2015	62,808
07 Castilla y León	General	Annual average index	2014	62,038
07 Castilla y León	General	Annual average index	2013	63,571
07 Castilla y León	General	Annual average index	2012	74,022
07 Castilla y León	General	Annual average index	2011	85,294
07 Castilla y León	General	Annual average index	2010	90,94
07 Castilla y León	General	Annual average index	2009	93,519
07 Castilla y León	General	Annual average index	2008	96,096
07 Castilla y León	General	Annual average index	2007	94,095
07 Castilla y León	General	Annual variation	2025	14
07 Castilla y León	General	Annual variation	2024	7,8
07 Castilla y León	General	Annual variation	2023	2,8
07 Castilla y León	General	Annual variation	2022	6,1
07 Castilla y León	General	Annual variation	2021	3,6
07 Castilla y León	General	Annual variation	2020	2,4
07 Castilla y León	General	Annual variation	2019	4,8
07 Castilla y León	General	Annual variation	2018	4,1
07 Castilla y León	General	Annual variation	2017	1,6
07 Castilla y León	General	Annual variation	2016	1,1
07 Castilla y León	General	Annual variation	2015	1,2
07 Castilla y León	General	Annual variation	2014	-2,4
07 Castilla y León	General	Annual variation	2013	-14,1
07 Castilla y León	General	Annual variation	2012	-13,2
07 Castilla y León	General	Annual variation	2011	-6,2
07 Castilla y León	General	Annual variation	2010	-2,8
07 Castilla y León	General	Annual variation	2009	-2,7
07 Castilla y León	General	Annual variation	2008	2,1
07 Castilla y León	General	Annual variation	2007	11,2
07 Castilla y León	New dwelling	Annual average index	2025	100
07 Castilla y León	New dwelling	Annual average index	2024	88,259
07 Castilla y León	New dwelling	Annual average index	2023	82,35
07 Castilla y León	New dwelling	Annual average index	2022	76,711
07 Castilla y León	New dwelling	Annual average index	2021	71,96
07 Castilla y León	New dwelling	Annual average index	2020	69,239
07 Castilla y León	New dwelling	Annual average index	2019	65,59
07 Castilla y León	New dwelling	Annual average index	2018	60,493
07 Castilla y León	New dwelling	Annual average index	2017	56,395
07 Castilla y León	New dwelling	Annual average index	2016	55,379
07 Castilla y León	New dwelling	Annual average index	2015	53,81
07 Castilla y León	New dwelling	Annual average index	2014	52,393
07 Castilla y León	New dwelling	Annual average index	2013	54,285
07 Castilla y León	New dwelling	Annual average index	2012	63,343
07 Castilla y León	New dwelling	Annual average index	2011	71,643
07 Castilla y León	New dwelling	Annual average index	2010	74,849
07 Castilla y León	New dwelling	Annual average index	2009	77,325
07 Castilla y León	New dwelling	Annual average index	2008	77,762
07 Castilla y León	New dwelling	Annual average index	2007	73,477
07 Castilla y León	New dwelling	Annual variation	2025	13,3
07 Castilla y León	New dwelling	Annual variation	2024	7,2
07 Castilla y León	New dwelling	Annual variation	2023	7,4
07 Castilla y León	New dwelling	Annual variation	2022	6,6
07 Castilla y León	New dwelling	Annual variation	2021	3,9
07 Castilla y León	New dwelling	Annual variation	2020	5,6
07 Castilla y León	New dwelling	Annual variation	2019	8,4
07 Castilla y León	New dwelling	Annual variation	2018	7,3
07 Castilla y León	New dwelling	Annual variation	2017	1,8
07 Castilla y León	New dwelling	Annual variation	2016	2,9
07 Castilla y León	New dwelling	Annual variation	2015	2,7
07 Castilla y León	New dwelling	Annual variation	2014	-3,5
07 Castilla y León	New dwelling	Annual variation	2013	-14,3
07 Castilla y León	New dwelling	Annual variation	2012	-11,6
07 Castilla y León	New dwelling	Annual variation	2011	-4,3
07 Castilla y León	New dwelling	Annual variation	2010	-3,2
07 Castilla y León	New dwelling	Annual variation	2009	-0,6
07 Castilla y León	New dwelling	Annual variation	2008	5,8
07 Castilla y León	New dwelling	Annual variation	2007	12,9
07 Castilla y León	Second-hand dwelling	Annual average index	2025	100
07 Castilla y León	Second-hand dwelling	Annual average index	2024	87,639
07 Castilla y León	Second-hand dwelling	Annual average index	2023	81,157
07 Castilla y León	Second-hand dwelling	Annual average index	2022	79,606
07 Castilla y León	Second-hand dwelling	Annual average index	2021	75,128
07 Castilla y León	Second-hand dwelling	Annual average index	2020	72,576
07 Castilla y León	Second-hand dwelling	Annual average index	2019	71,212
07 Castilla y León	Second-hand dwelling	Annual average index	2018	68,231
07 Castilla y León	Second-hand dwelling	Annual average index	2017	65,794
07 Castilla y León	Second-hand dwelling	Annual average index	2016	64,726
07 Castilla y León	Second-hand dwelling	Annual average index	2015	64,281
07 Castilla y León	Second-hand dwelling	Annual average index	2014	63,695
07 Castilla y León	Second-hand dwelling	Annual average index	2013	64,674
07 Castilla y León	Second-hand dwelling	Annual average index	2012	75,325
07 Castilla y León	Second-hand dwelling	Annual average index	2011	88,796
07 Castilla y León	Second-hand dwelling	Annual average index	2010	97,73
07 Castilla y León	Second-hand dwelling	Annual average index	2009	99,509
07 Castilla y León	Second-hand dwelling	Annual average index	2008	106,224
07 Castilla y León	Second-hand dwelling	Annual average index	2007	109,853
07 Castilla y León	Second-hand dwelling	Annual variation	2025	14,1
07 Castilla y León	Second-hand dwelling	Annual variation	2024	8
07 Castilla y León	Second-hand dwelling	Annual variation	2023	1,9
07 Castilla y León	Second-hand dwelling	Annual variation	2022	6
07 Castilla y León	Second-hand dwelling	Annual variation	2021	3,5
07 Castilla y León	Second-hand dwelling	Annual variation	2020	1,9
07 Castilla y León	Second-hand dwelling	Annual variation	2019	4,4
07 Castilla y León	Second-hand dwelling	Annual variation	2018	3,7
07 Castilla y León	Second-hand dwelling	Annual variation	2017	1,6
07 Castilla y León	Second-hand dwelling	Annual variation	2016	0,7
07 Castilla y León	Second-hand dwelling	Annual variation	2015	0,9
07 Castilla y León	Second-hand dwelling	Annual variation	2014	-1,5
07 Castilla y León	Second-hand dwelling	Annual variation	2013	-14,1
07 Castilla y León	Second-hand dwelling	Annual variation	2012	-15,2
07 Castilla y León	Second-hand dwelling	Annual variation	2011	-9,1
07 Castilla y León	Second-hand dwelling	Annual variation	2010	-1,8
07 Castilla y León	Second-hand dwelling	Annual variation	2009	-6,3
07 Castilla y León	Second-hand dwelling	Annual variation	2008	-3,3
07 Castilla y León	Second-hand dwelling	Annual variation	2007	8,7
08 Castilla - La Mancha	General	Annual average index	2025	100
08 Castilla - La Mancha	General	Annual average index	2024	89,657
08 Castilla - La Mancha	General	Annual average index	2023	84,221
08 Castilla - La Mancha	General	Annual average index	2022	82,831
08 Castilla - La Mancha	General	Annual average index	2021	78,199
08 Castilla - La Mancha	General	Annual average index	2020	76,35
08 Castilla - La Mancha	General	Annual average index	2019	75,379
08 Castilla - La Mancha	General	Annual average index	2018	72,811
08 Castilla - La Mancha	General	Annual average index	2017	71,135
08 Castilla - La Mancha	General	Annual average index	2016	70,614
08 Castilla - La Mancha	General	Annual average index	2015	70,027
08 Castilla - La Mancha	General	Annual average index	2014	68,518
08 Castilla - La Mancha	General	Annual average index	2013	70,392
08 Castilla - La Mancha	General	Annual average index	2012	82,943
08 Castilla - La Mancha	General	Annual average index	2011	93,798
08 Castilla - La Mancha	General	Annual average index	2010	100,235
08 Castilla - La Mancha	General	Annual average index	2009	101,378
08 Castilla - La Mancha	General	Annual average index	2008	104,496
08 Castilla - La Mancha	General	Annual average index	2007	102,408
08 Castilla - La Mancha	General	Annual variation	2025	11,5
08 Castilla - La Mancha	General	Annual variation	2024	6,5
08 Castilla - La Mancha	General	Annual variation	2023	1,7
08 Castilla - La Mancha	General	Annual variation	2022	5,9
08 Castilla - La Mancha	General	Annual variation	2021	2,4
08 Castilla - La Mancha	General	Annual variation	2020	1,3
08 Castilla - La Mancha	General	Annual variation	2019	3,5
08 Castilla - La Mancha	General	Annual variation	2018	2,4
08 Castilla - La Mancha	General	Annual variation	2017	0,7
08 Castilla - La Mancha	General	Annual variation	2016	0,8
08 Castilla - La Mancha	General	Annual variation	2015	2,2
08 Castilla - La Mancha	General	Annual variation	2014	-2,7
08 Castilla - La Mancha	General	Annual variation	2013	-15,1
08 Castilla - La Mancha	General	Annual variation	2012	-11,6
08 Castilla - La Mancha	General	Annual variation	2011	-6,4
08 Castilla - La Mancha	General	Annual variation	2010	-1,1
08 Castilla - La Mancha	General	Annual variation	2009	-3
08 Castilla - La Mancha	General	Annual variation	2008	2
08 Castilla - La Mancha	General	Annual variation	2007	13,4
08 Castilla - La Mancha	New dwelling	Annual average index	2025	100
08 Castilla - La Mancha	New dwelling	Annual average index	2024	88,64
08 Castilla - La Mancha	New dwelling	Annual average index	2023	83,038
08 Castilla - La Mancha	New dwelling	Annual average index	2022	79,351
08 Castilla - La Mancha	New dwelling	Annual average index	2021	74,65
08 Castilla - La Mancha	New dwelling	Annual average index	2020	73,729
08 Castilla - La Mancha	New dwelling	Annual average index	2019	72,271
08 Castilla - La Mancha	New dwelling	Annual average index	2018	65,507
08 Castilla - La Mancha	New dwelling	Annual average index	2017	61,315
08 Castilla - La Mancha	New dwelling	Annual average index	2016	60,363
08 Castilla - La Mancha	New dwelling	Annual average index	2015	57,418
08 Castilla - La Mancha	New dwelling	Annual average index	2014	54,909
08 Castilla - La Mancha	New dwelling	Annual average index	2013	57,706
08 Castilla - La Mancha	New dwelling	Annual average index	2012	69,206
08 Castilla - La Mancha	New dwelling	Annual average index	2011	77,626
08 Castilla - La Mancha	New dwelling	Annual average index	2010	81,941
08 Castilla - La Mancha	New dwelling	Annual average index	2009	83,345
08 Castilla - La Mancha	New dwelling	Annual average index	2008	84,558
08 Castilla - La Mancha	New dwelling	Annual average index	2007	80,638
08 Castilla - La Mancha	New dwelling	Annual variation	2025	12,8
08 Castilla - La Mancha	New dwelling	Annual variation	2024	6,7
08 Castilla - La Mancha	New dwelling	Annual variation	2023	4,6
08 Castilla - La Mancha	New dwelling	Annual variation	2022	6,3
08 Castilla - La Mancha	New dwelling	Annual variation	2021	1,2
08 Castilla - La Mancha	New dwelling	Annual variation	2020	2
08 Castilla - La Mancha	New dwelling	Annual variation	2019	10,3
08 Castilla - La Mancha	New dwelling	Annual variation	2018	6,8
08 Castilla - La Mancha	New dwelling	Annual variation	2017	1,6
08 Castilla - La Mancha	New dwelling	Annual variation	2016	5,1
08 Castilla - La Mancha	New dwelling	Annual variation	2015	4,6
08 Castilla - La Mancha	New dwelling	Annual variation	2014	-4,8
08 Castilla - La Mancha	New dwelling	Annual variation	2013	-16,6
08 Castilla - La Mancha	New dwelling	Annual variation	2012	-10,8
08 Castilla - La Mancha	New dwelling	Annual variation	2011	-5,3
08 Castilla - La Mancha	New dwelling	Annual variation	2010	-1,7
08 Castilla - La Mancha	New dwelling	Annual variation	2009	-1,4
08 Castilla - La Mancha	New dwelling	Annual variation	2008	4,9
08 Castilla - La Mancha	New dwelling	Annual variation	2007	14,7
08 Castilla - La Mancha	Second-hand dwelling	Annual average index	2025	100
08 Castilla - La Mancha	Second-hand dwelling	Annual average index	2024	89,844
08 Castilla - La Mancha	Second-hand dwelling	Annual average index	2023	84,423
08 Castilla - La Mancha	Second-hand dwelling	Annual average index	2022	83,498
08 Castilla - La Mancha	Second-hand dwelling	Annual average index	2021	78,881
08 Castilla - La Mancha	Second-hand dwelling	Annual average index	2020	76,857
08 Castilla - La Mancha	Second-hand dwelling	Annual average index	2019	75,988
08 Castilla - La Mancha	Second-hand dwelling	Annual average index	2018	74,28
08 Castilla - La Mancha	Second-hand dwelling	Annual average index	2017	73,125
08 Castilla - La Mancha	Second-hand dwelling	Annual average index	2016	72,676
08 Castilla - La Mancha	Second-hand dwelling	Annual average index	2015	72,861
08 Castilla - La Mancha	Second-hand dwelling	Annual average index	2014	71,735
08 Castilla - La Mancha	Second-hand dwelling	Annual average index	2013	72,754
08 Castilla - La Mancha	Second-hand dwelling	Annual average index	2012	84,173
08 Castilla - La Mancha	Second-hand dwelling	Annual average index	2011	97,099
08 Castilla - La Mancha	Second-hand dwelling	Annual average index	2010	107,039
08 Castilla - La Mancha	Second-hand dwelling	Annual average index	2009	106,514
08 Castilla - La Mancha	Second-hand dwelling	Annual average index	2008	113,627
08 Castilla - La Mancha	Second-hand dwelling	Annual average index	2007	117,433
08 Castilla - La Mancha	Second-hand dwelling	Annual variation	2025	11,3
08 Castilla - La Mancha	Second-hand dwelling	Annual variation	2024	6,4
08 Castilla - La Mancha	Second-hand dwelling	Annual variation	2023	1,1
08 Castilla - La Mancha	Second-hand dwelling	Annual variation	2022	5,9
08 Castilla - La Mancha	Second-hand dwelling	Annual variation	2021	2,6
08 Castilla - La Mancha	Second-hand dwelling	Annual variation	2020	1,1
08 Castilla - La Mancha	Second-hand dwelling	Annual variation	2019	2,3
08 Castilla - La Mancha	Second-hand dwelling	Annual variation	2018	1,6
08 Castilla - La Mancha	Second-hand dwelling	Annual variation	2017	0,6
08 Castilla - La Mancha	Second-hand dwelling	Annual variation	2016	-0,3
08 Castilla - La Mancha	Second-hand dwelling	Annual variation	2015	1,6
08 Castilla - La Mancha	Second-hand dwelling	Annual variation	2014	-1,4
08 Castilla - La Mancha	Second-hand dwelling	Annual variation	2013	-13,6
08 Castilla - La Mancha	Second-hand dwelling	Annual variation	2012	-13,3
08 Castilla - La Mancha	Second-hand dwelling	Annual variation	2011	-9,3
08 Castilla - La Mancha	Second-hand dwelling	Annual variation	2010	0,5
08 Castilla - La Mancha	Second-hand dwelling	Annual variation	2009	-6,3
08 Castilla - La Mancha	Second-hand dwelling	Annual variation	2008	-3,2
08 Castilla - La Mancha	Second-hand dwelling	Annual variation	2007	11,1
09 Cataluña	General	Annual average index	2025	100
09 Cataluña	General	Annual average index	2024	89,817
09 Cataluña	General	Annual average index	2023	83,646
09 Cataluña	General	Annual average index	2022	80,818
09 Cataluña	General	Annual average index	2021	75,449
09 Cataluña	General	Annual average index	2020	72,929
09 Cataluña	General	Annual average index	2019	71,465
09 Cataluña	General	Annual average index	2018	67,951
09 Cataluña	General	Annual average index	2017	62,469
09 Cataluña	General	Annual average index	2016	57,014
09 Cataluña	General	Annual average index	2015	53,274
09 Cataluña	General	Annual average index	2014	50,822
09 Cataluña	General	Annual average index	2013	50,258
09 Cataluña	General	Annual average index	2012	56,745
09 Cataluña	General	Annual average index	2011	67,404
09 Cataluña	General	Annual average index	2010	74,527
09 Cataluña	General	Annual average index	2009	76,564
09 Cataluña	General	Annual average index	2008	86,41
09 Cataluña	General	Annual average index	2007	92,164
09 Cataluña	General	Annual variation	2025	11,3
09 Cataluña	General	Annual variation	2024	7,4
09 Cataluña	General	Annual variation	2023	3,5
09 Cataluña	General	Annual variation	2022	7,1
09 Cataluña	General	Annual variation	2021	3,5
09 Cataluña	General	Annual variation	2020	2
09 Cataluña	General	Annual variation	2019	5,2
09 Cataluña	General	Annual variation	2018	8,8
09 Cataluña	General	Annual variation	2017	9,6
09 Cataluña	General	Annual variation	2016	7
09 Cataluña	General	Annual variation	2015	4,8
09 Cataluña	General	Annual variation	2014	1,1
09 Cataluña	General	Annual variation	2013	-11,4
09 Cataluña	General	Annual variation	2012	-15,8
09 Cataluña	General	Annual variation	2011	-9,6
09 Cataluña	General	Annual variation	2010	-2,7
09 Cataluña	General	Annual variation	2009	-11,4
09 Cataluña	General	Annual variation	2008	-6,2
09 Cataluña	General	Annual variation	2007	7,3
09 Cataluña	New dwelling	Annual average index	2025	100
09 Cataluña	New dwelling	Annual average index	2024	90,699
09 Cataluña	New dwelling	Annual average index	2023	82,749
09 Cataluña	New dwelling	Annual average index	2022	76,448
09 Cataluña	New dwelling	Annual average index	2021	71,054
09 Cataluña	New dwelling	Annual average index	2020	68,399
09 Cataluña	New dwelling	Annual average index	2019	62,998
09 Cataluña	New dwelling	Annual average index	2018	58,886
09 Cataluña	New dwelling	Annual average index	2017	54,228
09 Cataluña	New dwelling	Annual average index	2016	49,972
09 Cataluña	New dwelling	Annual average index	2015	46,306
09 Cataluña	New dwelling	Annual average index	2014	43,556
09 Cataluña	New dwelling	Annual average index	2013	41,616
09 Cataluña	New dwelling	Annual average index	2012	46,321
09 Cataluña	New dwelling	Annual average index	2011	55,034
09 Cataluña	New dwelling	Annual average index	2010	59,289
09 Cataluña	New dwelling	Annual average index	2009	61,572
09 Cataluña	New dwelling	Annual average index	2008	68,407
09 Cataluña	New dwelling	Annual average index	2007	67,798
09 Cataluña	New dwelling	Annual variation	2025	10,3
09 Cataluña	New dwelling	Annual variation	2024	9,6
09 Cataluña	New dwelling	Annual variation	2023	8,2
09 Cataluña	New dwelling	Annual variation	2022	7,6
09 Cataluña	New dwelling	Annual variation	2021	3,9
09 Cataluña	New dwelling	Annual variation	2020	8,6
09 Cataluña	New dwelling	Annual variation	2019	7
09 Cataluña	New dwelling	Annual variation	2018	8,6
09 Cataluña	New dwelling	Annual variation	2017	8,5
09 Cataluña	New dwelling	Annual variation	2016	7,9
09 Cataluña	New dwelling	Annual variation	2015	6,3
09 Cataluña	New dwelling	Annual variation	2014	4,7
09 Cataluña	New dwelling	Annual variation	2013	-10,2
09 Cataluña	New dwelling	Annual variation	2012	-15,8
09 Cataluña	New dwelling	Annual variation	2011	-7,2
09 Cataluña	New dwelling	Annual variation	2010	-3,7
09 Cataluña	New dwelling	Annual variation	2009	-10
09 Cataluña	New dwelling	Annual variation	2008	0,9
09 Cataluña	New dwelling	Annual variation	2007	9,8
09 Cataluña	Second-hand dwelling	Annual average index	2025	100
09 Cataluña	Second-hand dwelling	Annual average index	2024	89,721
09 Cataluña	Second-hand dwelling	Annual average index	2023	83,754
09 Cataluña	Second-hand dwelling	Annual average index	2022	81,358
09 Cataluña	Second-hand dwelling	Annual average index	2021	76
09 Cataluña	Second-hand dwelling	Annual average index	2020	73,458
09 Cataluña	Second-hand dwelling	Annual average index	2019	72,481
09 Cataluña	Second-hand dwelling	Annual average index	2018	69,025
09 Cataluña	Second-hand dwelling	Annual average index	2017	63,445
09 Cataluña	Second-hand dwelling	Annual average index	2016	57,842
09 Cataluña	Second-hand dwelling	Annual average index	2015	54,096
09 Cataluña	Second-hand dwelling	Annual average index	2014	51,68
09 Cataluña	Second-hand dwelling	Annual average index	2013	51,476
09 Cataluña	Second-hand dwelling	Annual average index	2012	58,496
09 Cataluña	Second-hand dwelling	Annual average index	2011	69,397
09 Cataluña	Second-hand dwelling	Annual average index	2010	77,718
09 Cataluña	Second-hand dwelling	Annual average index	2009	79,323
09 Cataluña	Second-hand dwelling	Annual average index	2008	90,156
09 Cataluña	Second-hand dwelling	Annual average index	2007	99,816
09 Cataluña	Second-hand dwelling	Annual variation	2025	11,5
09 Cataluña	Second-hand dwelling	Annual variation	2024	7,1
09 Cataluña	Second-hand dwelling	Annual variation	2023	2,9
09 Cataluña	Second-hand dwelling	Annual variation	2022	7
09 Cataluña	Second-hand dwelling	Annual variation	2021	3,5
09 Cataluña	Second-hand dwelling	Annual variation	2020	1,3
09 Cataluña	Second-hand dwelling	Annual variation	2019	5
09 Cataluña	Second-hand dwelling	Annual variation	2018	8,8
09 Cataluña	Second-hand dwelling	Annual variation	2017	9,7
09 Cataluña	Second-hand dwelling	Annual variation	2016	6,9
09 Cataluña	Second-hand dwelling	Annual variation	2015	4,7
09 Cataluña	Second-hand dwelling	Annual variation	2014	0,4
09 Cataluña	Second-hand dwelling	Annual variation	2013	-12
09 Cataluña	Second-hand dwelling	Annual variation	2012	-15,7
09 Cataluña	Second-hand dwelling	Annual variation	2011	-10,7
09 Cataluña	Second-hand dwelling	Annual variation	2010	-2
09 Cataluña	Second-hand dwelling	Annual variation	2009	-12
09 Cataluña	Second-hand dwelling	Annual variation	2008	-9,7
09 Cataluña	Second-hand dwelling	Annual variation	2007	6,1
10 Comunitat Valenciana	General	Annual average index	2025	100
10 Comunitat Valenciana	General	Annual average index	2024	88,555
10 Comunitat Valenciana	General	Annual average index	2023	81,2
10 Comunitat Valenciana	General	Annual average index	2022	78,042
10 Comunitat Valenciana	General	Annual average index	2021	72,803
10 Comunitat Valenciana	General	Annual average index	2020	69,785
10 Comunitat Valenciana	General	Annual average index	2019	68,287
10 Comunitat Valenciana	General	Annual average index	2018	65,521
10 Comunitat Valenciana	General	Annual average index	2017	62,957
10 Comunitat Valenciana	General	Annual average index	2016	61,301
10 Comunitat Valenciana	General	Annual average index	2015	59,741
10 Comunitat Valenciana	General	Annual average index	2014	58,342
10 Comunitat Valenciana	General	Annual average index	2013	57,853
10 Comunitat Valenciana	General	Annual average index	2012	63,59
10 Comunitat Valenciana	General	Annual average index	2011	73,573
10 Comunitat Valenciana	General	Annual average index	2010	79,467
10 Comunitat Valenciana	General	Annual average index	2009	82,023
10 Comunitat Valenciana	General	Annual average index	2008	86,747
10 Comunitat Valenciana	General	Annual average index	2007	84,989
10 Comunitat Valenciana	General	Annual variation	2025	12,9
10 Comunitat Valenciana	General	Annual variation	2024	9,1
10 Comunitat Valenciana	General	Annual variation	2023	4
10 Comunitat Valenciana	General	Annual variation	2022	7,2
10 Comunitat Valenciana	General	Annual variation	2021	4,3
10 Comunitat Valenciana	General	Annual variation	2020	2,2
10 Comunitat Valenciana	General	Annual variation	2019	4,2
10 Comunitat Valenciana	General	Annual variation	2018	4,1
10 Comunitat Valenciana	General	Annual variation	2017	2,7
10 Comunitat Valenciana	General	Annual variation	2016	2,6
10 Comunitat Valenciana	General	Annual variation	2015	2,4
10 Comunitat Valenciana	General	Annual variation	2014	0,8
10 Comunitat Valenciana	General	Annual variation	2013	-9
10 Comunitat Valenciana	General	Annual variation	2012	-13,6
10 Comunitat Valenciana	General	Annual variation	2011	-7,4
10 Comunitat Valenciana	General	Annual variation	2010	-3,1
10 Comunitat Valenciana	General	Annual variation	2009	-5,4
10 Comunitat Valenciana	General	Annual variation	2008	2,1
10 Comunitat Valenciana	General	Annual variation	2007	12,1
10 Comunitat Valenciana	New dwelling	Annual average index	2025	100
10 Comunitat Valenciana	New dwelling	Annual average index	2024	91,522
10 Comunitat Valenciana	New dwelling	Annual average index	2023	82,896
10 Comunitat Valenciana	New dwelling	Annual average index	2022	76,084
10 Comunitat Valenciana	New dwelling	Annual average index	2021	70,386
10 Comunitat Valenciana	New dwelling	Annual average index	2020	67,693
10 Comunitat Valenciana	New dwelling	Annual average index	2019	64,251
10 Comunitat Valenciana	New dwelling	Annual average index	2018	60,087
10 Comunitat Valenciana	New dwelling	Annual average index	2017	56,791
10 Comunitat Valenciana	New dwelling	Annual average index	2016	55,023
10 Comunitat Valenciana	New dwelling	Annual average index	2015	51,843
10 Comunitat Valenciana	New dwelling	Annual average index	2014	49,676
10 Comunitat Valenciana	New dwelling	Annual average index	2013	49,666
10 Comunitat Valenciana	New dwelling	Annual average index	2012	54,261
10 Comunitat Valenciana	New dwelling	Annual average index	2011	61,6
10 Comunitat Valenciana	New dwelling	Annual average index	2010	65,459
10 Comunitat Valenciana	New dwelling	Annual average index	2009	68,271
10 Comunitat Valenciana	New dwelling	Annual average index	2008	70,511
10 Comunitat Valenciana	New dwelling	Annual average index	2007	66,129
10 Comunitat Valenciana	New dwelling	Annual variation	2025	9,3
10 Comunitat Valenciana	New dwelling	Annual variation	2024	10,4
10 Comunitat Valenciana	New dwelling	Annual variation	2023	9
10 Comunitat Valenciana	New dwelling	Annual variation	2022	8,1
10 Comunitat Valenciana	New dwelling	Annual variation	2021	4
10 Comunitat Valenciana	New dwelling	Annual variation	2020	5,4
10 Comunitat Valenciana	New dwelling	Annual variation	2019	6,9
10 Comunitat Valenciana	New dwelling	Annual variation	2018	5,8
10 Comunitat Valenciana	New dwelling	Annual variation	2017	3,2
10 Comunitat Valenciana	New dwelling	Annual variation	2016	6,1
10 Comunitat Valenciana	New dwelling	Annual variation	2015	4,4
10 Comunitat Valenciana	New dwelling	Annual variation	2014	0
10 Comunitat Valenciana	New dwelling	Annual variation	2013	-8,5
10 Comunitat Valenciana	New dwelling	Annual variation	2012	-11,9
10 Comunitat Valenciana	New dwelling	Annual variation	2011	-5,9
10 Comunitat Valenciana	New dwelling	Annual variation	2010	-4,1
10 Comunitat Valenciana	New dwelling	Annual variation	2009	-3,2
10 Comunitat Valenciana	New dwelling	Annual variation	2008	6,6
10 Comunitat Valenciana	New dwelling	Annual variation	2007	13
10 Comunitat Valenciana	Second-hand dwelling	Annual average index	2025	100
10 Comunitat Valenciana	Second-hand dwelling	Annual average index	2024	88,045
10 Comunitat Valenciana	Second-hand dwelling	Annual average index	2023	80,904
10 Comunitat Valenciana	Second-hand dwelling	Annual average index	2022	78,474
10 Comunitat Valenciana	Second-hand dwelling	Annual average index	2021	73,335
10 Comunitat Valenciana	Second-hand dwelling	Annual average index	2020	70,242
10 Comunitat Valenciana	Second-hand dwelling	Annual average index	2019	69,1
10 Comunitat Valenciana	Second-hand dwelling	Annual average index	2018	66,58
10 Comunitat Valenciana	Second-hand dwelling	Annual average index	2017	64,14
10 Comunitat Valenciana	Second-hand dwelling	Annual average index	2016	62,491
10 Comunitat Valenciana	Second-hand dwelling	Annual average index	2015	61,207
10 Comunitat Valenciana	Second-hand dwelling	Annual average index	2014	59,947
10 Comunitat Valenciana	Second-hand dwelling	Annual average index	2013	59,142
10 Comunitat Valenciana	Second-hand dwelling	Annual average index	2012	65,108
10 Comunitat Valenciana	Second-hand dwelling	Annual average index	2011	76,41
10 Comunitat Valenciana	Second-hand dwelling	Annual average index	2010	83,916
10 Comunitat Valenciana	Second-hand dwelling	Annual average index	2009	85,323
10 Comunitat Valenciana	Second-hand dwelling	Annual average index	2008	92,748
10 Comunitat Valenciana	Second-hand dwelling	Annual average index	2007	95,237
10 Comunitat Valenciana	Second-hand dwelling	Annual variation	2025	13,6
10 Comunitat Valenciana	Second-hand dwelling	Annual variation	2024	8,8
10 Comunitat Valenciana	Second-hand dwelling	Annual variation	2023	3,1
10 Comunitat Valenciana	Second-hand dwelling	Annual variation	2022	7
10 Comunitat Valenciana	Second-hand dwelling	Annual variation	2021	4,4
10 Comunitat Valenciana	Second-hand dwelling	Annual variation	2020	1,7
10 Comunitat Valenciana	Second-hand dwelling	Annual variation	2019	3,8
10 Comunitat Valenciana	Second-hand dwelling	Annual variation	2018	3,8
10 Comunitat Valenciana	Second-hand dwelling	Annual variation	2017	2,6
10 Comunitat Valenciana	Second-hand dwelling	Annual variation	2016	2,1
10 Comunitat Valenciana	Second-hand dwelling	Annual variation	2015	2,1
10 Comunitat Valenciana	Second-hand dwelling	Annual variation	2014	1,4
10 Comunitat Valenciana	Second-hand dwelling	Annual variation	2013	-9,2
10 Comunitat Valenciana	Second-hand dwelling	Annual variation	2012	-14,8
10 Comunitat Valenciana	Second-hand dwelling	Annual variation	2011	-8,9
10 Comunitat Valenciana	Second-hand dwelling	Annual variation	2010	-1,6
10 Comunitat Valenciana	Second-hand dwelling	Annual variation	2009	-8
10 Comunitat Valenciana	Second-hand dwelling	Annual variation	2008	-2,6
10 Comunitat Valenciana	Second-hand dwelling	Annual variation	2007	11,2
11 Extremadura	General	Annual average index	2025	100
11 Extremadura	General	Annual average index	2024	89,042
11 Extremadura	General	Annual average index	2023	82,985
11 Extremadura	General	Annual average index	2022	81,736
11 Extremadura	General	Annual average index	2021	77,571
11 Extremadura	General	Annual average index	2020	75,814
11 Extremadura	General	Annual average index	2019	75,427
11 Extremadura	General	Annual average index	2018	73,98
11 Extremadura	General	Annual average index	2017	72,634
11 Extremadura	General	Annual average index	2016	72,335
11 Extremadura	General	Annual average index	2015	71,315
11 Extremadura	General	Annual average index	2014	69,979
11 Extremadura	General	Annual average index	2013	72,996
11 Extremadura	General	Annual average index	2012	85,625
11 Extremadura	General	Annual average index	2011	93,254
11 Extremadura	General	Annual average index	2010	99,305
11 Extremadura	General	Annual average index	2009	97,887
11 Extremadura	General	Annual average index	2008	98,262
11 Extremadura	General	Annual average index	2007	95,258
11 Extremadura	General	Annual variation	2025	12,3
11 Extremadura	General	Annual variation	2024	7,3
11 Extremadura	General	Annual variation	2023	1,5
11 Extremadura	General	Annual variation	2022	5,4
11 Extremadura	General	Annual variation	2021	2,3
11 Extremadura	General	Annual variation	2020	0,5
11 Extremadura	General	Annual variation	2019	2
11 Extremadura	General	Annual variation	2018	1,9
11 Extremadura	General	Annual variation	2017	0,4
11 Extremadura	General	Annual variation	2016	1,4
11 Extremadura	General	Annual variation	2015	1,9
11 Extremadura	General	Annual variation	2014	-4,1
11 Extremadura	General	Annual variation	2013	-14,7
11 Extremadura	General	Annual variation	2012	-8,2
11 Extremadura	General	Annual variation	2011	-6,1
11 Extremadura	General	Annual variation	2010	1,4
11 Extremadura	General	Annual variation	2009	-0,4
11 Extremadura	General	Annual variation	2008	3,2
11 Extremadura	General	Annual variation	2007	14,2
11 Extremadura	New dwelling	Annual average index	2025	100
11 Extremadura	New dwelling	Annual average index	2024	89,144
11 Extremadura	New dwelling	Annual average index	2023	85,129
11 Extremadura	New dwelling	Annual average index	2022	83,061
11 Extremadura	New dwelling	Annual average index	2021	77,243
11 Extremadura	New dwelling	Annual average index	2020	75,56
11 Extremadura	New dwelling	Annual average index	2019	75,441
11 Extremadura	New dwelling	Annual average index	2018	68,511
11 Extremadura	New dwelling	Annual average index	2017	63,369
11 Extremadura	New dwelling	Annual average index	2016	62,085
11 Extremadura	New dwelling	Annual average index	2015	57,77
11 Extremadura	New dwelling	Annual average index	2014	55,152
11 Extremadura	New dwelling	Annual average index	2013	58,779
11 Extremadura	New dwelling	Annual average index	2012	70,779
11 Extremadura	New dwelling	Annual average index	2011	76,414
11 Extremadura	New dwelling	Annual average index	2010	79,419
11 Extremadura	New dwelling	Annual average index	2009	77,577
11 Extremadura	New dwelling	Annual average index	2008	76,474
11 Extremadura	New dwelling	Annual average index	2007	71,459
11 Extremadura	New dwelling	Annual variation	2025	12,2
11 Extremadura	New dwelling	Annual variation	2024	4,7
11 Extremadura	New dwelling	Annual variation	2023	2,5
11 Extremadura	New dwelling	Annual variation	2022	7,5
11 Extremadura	New dwelling	Annual variation	2021	2,2
11 Extremadura	New dwelling	Annual variation	2020	0,2
11 Extremadura	New dwelling	Annual variation	2019	10,1
11 Extremadura	New dwelling	Annual variation	2018	8,1
11 Extremadura	New dwelling	Annual variation	2017	2,1
11 Extremadura	New dwelling	Annual variation	2016	7,5
11 Extremadura	New dwelling	Annual variation	2015	4,7
11 Extremadura	New dwelling	Annual variation	2014	-6,2
11 Extremadura	New dwelling	Annual variation	2013	-17
11 Extremadura	New dwelling	Annual variation	2012	-7,4
11 Extremadura	New dwelling	Annual variation	2011	-3,8
11 Extremadura	New dwelling	Annual variation	2010	2,4
11 Extremadura	New dwelling	Annual variation	2009	1,4
11 Extremadura	New dwelling	Annual variation	2008	7
11 Extremadura	New dwelling	Annual variation	2007	18,4
11 Extremadura	Second-hand dwelling	Annual average index	2025	100
11 Extremadura	Second-hand dwelling	Annual average index	2024	89,044
11 Extremadura	Second-hand dwelling	Annual average index	2023	82,844
11 Extremadura	Second-hand dwelling	Annual average index	2022	81,643
11 Extremadura	Second-hand dwelling	Annual average index	2021	77,59
11 Extremadura	Second-hand dwelling	Annual average index	2020	75,824
11 Extremadura	Second-hand dwelling	Annual average index	2019	75,384
11 Extremadura	Second-hand dwelling	Annual average index	2018	74,282
11 Extremadura	Second-hand dwelling	Annual average index	2017	73,131
11 Extremadura	Second-hand dwelling	Annual average index	2016	72,975
11 Extremadura	Second-hand dwelling	Annual average index	2015	72,589
11 Extremadura	Second-hand dwelling	Annual average index	2014	71,596
11 Extremadura	Second-hand dwelling	Annual average index	2013	74,022
11 Extremadura	Second-hand dwelling	Annual average index	2012	85,478
11 Extremadura	Second-hand dwelling	Annual average index	2011	94,213
11 Extremadura	Second-hand dwelling	Annual average index	2010	104,004
11 Extremadura	Second-hand dwelling	Annual average index	2009	104,029
11 Extremadura	Second-hand dwelling	Annual average index	2008	106,202
11 Extremadura	Second-hand dwelling	Annual average index	2007	106,537
11 Extremadura	Second-hand dwelling	Annual variation	2025	12,3
11 Extremadura	Second-hand dwelling	Annual variation	2024	7,5
11 Extremadura	Second-hand dwelling	Annual variation	2023	1,5
11 Extremadura	Second-hand dwelling	Annual variation	2022	5,2
11 Extremadura	Second-hand dwelling	Annual variation	2021	2,3
11 Extremadura	Second-hand dwelling	Annual variation	2020	0,6
11 Extremadura	Second-hand dwelling	Annual variation	2019	1,5
11 Extremadura	Second-hand dwelling	Annual variation	2018	1,6
11 Extremadura	Second-hand dwelling	Annual variation	2017	0,2
11 Extremadura	Second-hand dwelling	Annual variation	2016	0,5
11 Extremadura	Second-hand dwelling	Annual variation	2015	1,4
11 Extremadura	Second-hand dwelling	Annual variation	2014	-3,3
11 Extremadura	Second-hand dwelling	Annual variation	2013	-13,4
11 Extremadura	Second-hand dwelling	Annual variation	2012	-9,3
11 Extremadura	Second-hand dwelling	Annual variation	2011	-9,4
11 Extremadura	Second-hand dwelling	Annual variation	2010	0
11 Extremadura	Second-hand dwelling	Annual variation	2009	-2
11 Extremadura	Second-hand dwelling	Annual variation	2008	-0,3
11 Extremadura	Second-hand dwelling	Annual variation	2007	10,6
12 Galicia	General	Annual average index	2025	100
12 Galicia	General	Annual average index	2024	88,584
12 Galicia	General	Annual average index	2023	82,447
12 Galicia	General	Annual average index	2022	79,567
12 Galicia	General	Annual average index	2021	74,641
12 Galicia	General	Annual average index	2020	71,361
12 Galicia	General	Annual average index	2019	69,791
12 Galicia	General	Annual average index	2018	67,096
12 Galicia	General	Annual average index	2017	64,631
12 Galicia	General	Annual average index	2016	63,535
12 Galicia	General	Annual average index	2015	62,315
12 Galicia	General	Annual average index	2014	61,477
12 Galicia	General	Annual average index	2013	62,212
12 Galicia	General	Annual average index	2012	70,032
12 Galicia	General	Annual average index	2011	80,451
12 Galicia	General	Annual average index	2010	84,755
12 Galicia	General	Annual average index	2009	86,443
12 Galicia	General	Annual average index	2008	87,515
12 Galicia	General	Annual average index	2007	84,617
12 Galicia	General	Annual variation	2025	12,9
12 Galicia	General	Annual variation	2024	7,4
12 Galicia	General	Annual variation	2023	3,6
12 Galicia	General	Annual variation	2022	6,6
12 Galicia	General	Annual variation	2021	4,6
12 Galicia	General	Annual variation	2020	2,2
12 Galicia	General	Annual variation	2019	4
12 Galicia	General	Annual variation	2018	3,8
12 Galicia	General	Annual variation	2017	1,7
12 Galicia	General	Annual variation	2016	2
12 Galicia	General	Annual variation	2015	1,4
12 Galicia	General	Annual variation	2014	-1,2
12 Galicia	General	Annual variation	2013	-11,2
12 Galicia	General	Annual variation	2012	-12,9
12 Galicia	General	Annual variation	2011	-5,1
12 Galicia	General	Annual variation	2010	-2
12 Galicia	General	Annual variation	2009	-1,2
12 Galicia	General	Annual variation	2008	3,4
12 Galicia	General	Annual variation	2007	11,4
12 Galicia	New dwelling	Annual average index	2025	100
12 Galicia	New dwelling	Annual average index	2024	90,593
12 Galicia	New dwelling	Annual average index	2023	83,669
12 Galicia	New dwelling	Annual average index	2022	76,434
12 Galicia	New dwelling	Annual average index	2021	71,029
12 Galicia	New dwelling	Annual average index	2020	68,786
12 Galicia	New dwelling	Annual average index	2019	65,195
12 Galicia	New dwelling	Annual average index	2018	60,939
12 Galicia	New dwelling	Annual average index	2017	56,751
12 Galicia	New dwelling	Annual average index	2016	54,884
12 Galicia	New dwelling	Annual average index	2015	52,123
12 Galicia	New dwelling	Annual average index	2014	50,698
12 Galicia	New dwelling	Annual average index	2013	50,85
12 Galicia	New dwelling	Annual average index	2012	57,148
12 Galicia	New dwelling	Annual average index	2011	65,136
12 Galicia	New dwelling	Annual average index	2010	67,792
12 Galicia	New dwelling	Annual average index	2009	69,432
12 Galicia	New dwelling	Annual average index	2008	69,041
12 Galicia	New dwelling	Annual average index	2007	64,584
12 Galicia	New dwelling	Annual variation	2025	10,4
12 Galicia	New dwelling	Annual variation	2024	8,3
12 Galicia	New dwelling	Annual variation	2023	9,5
12 Galicia	New dwelling	Annual variation	2022	7,6
12 Galicia	New dwelling	Annual variation	2021	3,3
12 Galicia	New dwelling	Annual variation	2020	5,5
12 Galicia	New dwelling	Annual variation	2019	7
12 Galicia	New dwelling	Annual variation	2018	7,4
12 Galicia	New dwelling	Annual variation	2017	3,4
12 Galicia	New dwelling	Annual variation	2016	5,3
12 Galicia	New dwelling	Annual variation	2015	2,8
12 Galicia	New dwelling	Annual variation	2014	-0,3
12 Galicia	New dwelling	Annual variation	2013	-11
12 Galicia	New dwelling	Annual variation	2012	-12,3
12 Galicia	New dwelling	Annual variation	2011	-3,9
12 Galicia	New dwelling	Annual variation	2010	-2,4
12 Galicia	New dwelling	Annual variation	2009	0,6
12 Galicia	New dwelling	Annual variation	2008	6,9
12 Galicia	New dwelling	Annual variation	2007	12,6
12 Galicia	Second-hand dwelling	Annual average index	2025	100
12 Galicia	Second-hand dwelling	Annual average index	2024	88,294
12 Galicia	Second-hand dwelling	Annual average index	2023	82,241
12 Galicia	Second-hand dwelling	Annual average index	2022	80,106
12 Galicia	Second-hand dwelling	Annual average index	2021	75,282
12 Galicia	Second-hand dwelling	Annual average index	2020	71,851
12 Galicia	Second-hand dwelling	Annual average index	2019	70,569
12 Galicia	Second-hand dwelling	Annual average index	2018	68,17
12 Galicia	Second-hand dwelling	Annual average index	2017	66,041
12 Galicia	Second-hand dwelling	Annual average index	2016	65,098
12 Galicia	Second-hand dwelling	Annual average index	2015	64,471
12 Galicia	Second-hand dwelling	Annual average index	2014	63,801
12 Galicia	Second-hand dwelling	Annual average index	2013	64,373
12 Galicia	Second-hand dwelling	Annual average index	2012	72,736
12 Galicia	Second-hand dwelling	Annual average index	2011	84,853
12 Galicia	Second-hand dwelling	Annual average index	2010	91,53
12 Galicia	Second-hand dwelling	Annual average index	2009	92,509
12 Galicia	Second-hand dwelling	Annual average index	2008	96,768
12 Galicia	Second-hand dwelling	Annual average index	2007	98,69
12 Galicia	Second-hand dwelling	Annual variation	2025	13,3
12 Galicia	Second-hand dwelling	Annual variation	2024	7,4
12 Galicia	Second-hand dwelling	Annual variation	2023	2,7
12 Galicia	Second-hand dwelling	Annual variation	2022	6,4
12 Galicia	Second-hand dwelling	Annual variation	2021	4,8
12 Galicia	Second-hand dwelling	Annual variation	2020	1,8
12 Galicia	Second-hand dwelling	Annual variation	2019	3,5
12 Galicia	Second-hand dwelling	Annual variation	2018	3,2
12 Galicia	Second-hand dwelling	Annual variation	2017	1,4
12 Galicia	Second-hand dwelling	Annual variation	2016	1
12 Galicia	Second-hand dwelling	Annual variation	2015	1
12 Galicia	Second-hand dwelling	Annual variation	2014	-0,9
12 Galicia	Second-hand dwelling	Annual variation	2013	-11,5
12 Galicia	Second-hand dwelling	Annual variation	2012	-14,3
12 Galicia	Second-hand dwelling	Annual variation	2011	-7,3
12 Galicia	Second-hand dwelling	Annual variation	2010	-1,1
12 Galicia	Second-hand dwelling	Annual variation	2009	-4,4
12 Galicia	Second-hand dwelling	Annual variation	2008	-1,9
12 Galicia	Second-hand dwelling	Annual variation	2007	9,7
13 Madrid, Comunidad de	General	Annual average index	2025	100
13 Madrid, Comunidad de	General	Annual average index	2024	88,214
13 Madrid, Comunidad de	General	Annual average index	2023	81,928
13 Madrid, Comunidad de	General	Annual average index	2022	78,829
13 Madrid, Comunidad de	General	Annual average index	2021	73,802
13 Madrid, Comunidad de	General	Annual average index	2020	71,974
13 Madrid, Comunidad de	General	Annual average index	2019	70,762
13 Madrid, Comunidad de	General	Annual average index	2018	66,843
13 Madrid, Comunidad de	General	Annual average index	2017	60,665
13 Madrid, Comunidad de	General	Annual average index	2016	54,43
13 Madrid, Comunidad de	General	Annual average index	2015	50,135
13 Madrid, Comunidad de	General	Annual average index	2014	47,414
13 Madrid, Comunidad de	General	Annual average index	2013	46,226
13 Madrid, Comunidad de	General	Annual average index	2012	52,133
13 Madrid, Comunidad de	General	Annual average index	2011	61,579
13 Madrid, Comunidad de	General	Annual average index	2010	67,436
13 Madrid, Comunidad de	General	Annual average index	2009	67,172
13 Madrid, Comunidad de	General	Annual average index	2008	74,931
13 Madrid, Comunidad de	General	Annual average index	2007	79,423
13 Madrid, Comunidad de	General	Annual variation	2025	13,4
13 Madrid, Comunidad de	General	Annual variation	2024	7,7
13 Madrid, Comunidad de	General	Annual variation	2023	3,9
13 Madrid, Comunidad de	General	Annual variation	2022	6,8
13 Madrid, Comunidad de	General	Annual variation	2021	2,5
13 Madrid, Comunidad de	General	Annual variation	2020	1,7
13 Madrid, Comunidad de	General	Annual variation	2019	5,9
13 Madrid, Comunidad de	General	Annual variation	2018	10,2
13 Madrid, Comunidad de	General	Annual variation	2017	11,5
13 Madrid, Comunidad de	General	Annual variation	2016	8,6
13 Madrid, Comunidad de	General	Annual variation	2015	5,7
13 Madrid, Comunidad de	General	Annual variation	2014	2,6
13 Madrid, Comunidad de	General	Annual variation	2013	-11,3
13 Madrid, Comunidad de	General	Annual variation	2012	-15,3
13 Madrid, Comunidad de	General	Annual variation	2011	-8,7
13 Madrid, Comunidad de	General	Annual variation	2010	0,4
13 Madrid, Comunidad de	General	Annual variation	2009	-10,4
13 Madrid, Comunidad de	General	Annual variation	2008	-5,7
13 Madrid, Comunidad de	General	Annual variation	2007	6,9
13 Madrid, Comunidad de	New dwelling	Annual average index	2025	100
13 Madrid, Comunidad de	New dwelling	Annual average index	2024	89,155
13 Madrid, Comunidad de	New dwelling	Annual average index	2023	81,443
13 Madrid, Comunidad de	New dwelling	Annual average index	2022	75,28
13 Madrid, Comunidad de	New dwelling	Annual average index	2021	70,086
13 Madrid, Comunidad de	New dwelling	Annual average index	2020	66,565
13 Madrid, Comunidad de	New dwelling	Annual average index	2019	62,618
13 Madrid, Comunidad de	New dwelling	Annual average index	2018	58,216
13 Madrid, Comunidad de	New dwelling	Annual average index	2017	54,739
13 Madrid, Comunidad de	New dwelling	Annual average index	2016	50,109
13 Madrid, Comunidad de	New dwelling	Annual average index	2015	45,965
13 Madrid, Comunidad de	New dwelling	Annual average index	2014	43,02
13 Madrid, Comunidad de	New dwelling	Annual average index	2013	41,262
13 Madrid, Comunidad de	New dwelling	Annual average index	2012	46,278
13 Madrid, Comunidad de	New dwelling	Annual average index	2011	53,737
13 Madrid, Comunidad de	New dwelling	Annual average index	2010	56,838
13 Madrid, Comunidad de	New dwelling	Annual average index	2009	56,069
13 Madrid, Comunidad de	New dwelling	Annual average index	2008	63,326
13 Madrid, Comunidad de	New dwelling	Annual average index	2007	63,116
13 Madrid, Comunidad de	New dwelling	Annual variation	2025	12,2
13 Madrid, Comunidad de	New dwelling	Annual variation	2024	9,5
13 Madrid, Comunidad de	New dwelling	Annual variation	2023	8,2
13 Madrid, Comunidad de	New dwelling	Annual variation	2022	7,4
13 Madrid, Comunidad de	New dwelling	Annual variation	2021	5,3
13 Madrid, Comunidad de	New dwelling	Annual variation	2020	6,3
13 Madrid, Comunidad de	New dwelling	Annual variation	2019	7,6
13 Madrid, Comunidad de	New dwelling	Annual variation	2018	6,4
13 Madrid, Comunidad de	New dwelling	Annual variation	2017	9,2
13 Madrid, Comunidad de	New dwelling	Annual variation	2016	9
13 Madrid, Comunidad de	New dwelling	Annual variation	2015	6,8
13 Madrid, Comunidad de	New dwelling	Annual variation	2014	4,3
13 Madrid, Comunidad de	New dwelling	Annual variation	2013	-10,8
13 Madrid, Comunidad de	New dwelling	Annual variation	2012	-13,9
13 Madrid, Comunidad de	New dwelling	Annual variation	2011	-5,5
13 Madrid, Comunidad de	New dwelling	Annual variation	2010	1,4
13 Madrid, Comunidad de	New dwelling	Annual variation	2009	-11,5
13 Madrid, Comunidad de	New dwelling	Annual variation	2008	0,3
13 Madrid, Comunidad de	New dwelling	Annual variation	2007	8,4
13 Madrid, Comunidad de	Second-hand dwelling	Annual average index	2025	100
13 Madrid, Comunidad de	Second-hand dwelling	Annual average index	2024	87,995
13 Madrid, Comunidad de	Second-hand dwelling	Annual average index	2023	82,068
13 Madrid, Comunidad de	Second-hand dwelling	Annual average index	2022	79,798
13 Madrid, Comunidad de	Second-hand dwelling	Annual average index	2021	74,835
13 Madrid, Comunidad de	Second-hand dwelling	Annual average index	2020	73,405
13 Madrid, Comunidad de	Second-hand dwelling	Annual average index	2019	72,907
13 Madrid, Comunidad de	Second-hand dwelling	Annual average index	2018	69,096
13 Madrid, Comunidad de	Second-hand dwelling	Annual average index	2017	62,299
13 Madrid, Comunidad de	Second-hand dwelling	Annual average index	2016	55,716
13 Madrid, Comunidad de	Second-hand dwelling	Annual average index	2015	51,356
13 Madrid, Comunidad de	Second-hand dwelling	Annual average index	2014	48,68
13 Madrid, Comunidad de	Second-hand dwelling	Annual average index	2013	47,856
13 Madrid, Comunidad de	Second-hand dwelling	Annual average index	2012	54,203
13 Madrid, Comunidad de	Second-hand dwelling	Annual average index	2011	64,528
13 Madrid, Comunidad de	Second-hand dwelling	Annual average index	2010	72,239
13 Madrid, Comunidad de	Second-hand dwelling	Annual average index	2009	72,413
13 Madrid, Comunidad de	Second-hand dwelling	Annual average index	2008	79,836
13 Madrid, Comunidad de	Second-hand dwelling	Annual average index	2007	88,724
13 Madrid, Comunidad de	Second-hand dwelling	Annual variation	2025	13,6
13 Madrid, Comunidad de	Second-hand dwelling	Annual variation	2024	7,2
13 Madrid, Comunidad de	Second-hand dwelling	Annual variation	2023	2,8
13 Madrid, Comunidad de	Second-hand dwelling	Annual variation	2022	6,6
13 Madrid, Comunidad de	Second-hand dwelling	Annual variation	2021	1,9
13 Madrid, Comunidad de	Second-hand dwelling	Annual variation	2020	0,7
13 Madrid, Comunidad de	Second-hand dwelling	Annual variation	2019	5,5
13 Madrid, Comunidad de	Second-hand dwelling	Annual variation	2018	10,9
13 Madrid, Comunidad de	Second-hand dwelling	Annual variation	2017	11,8
13 Madrid, Comunidad de	Second-hand dwelling	Annual variation	2016	8,5
13 Madrid, Comunidad de	Second-hand dwelling	Annual variation	2015	5,5
13 Madrid, Comunidad de	Second-hand dwelling	Annual variation	2014	1,7
13 Madrid, Comunidad de	Second-hand dwelling	Annual variation	2013	-11,7
13 Madrid, Comunidad de	Second-hand dwelling	Annual variation	2012	-16
13 Madrid, Comunidad de	Second-hand dwelling	Annual variation	2011	-10,7
13 Madrid, Comunidad de	Second-hand dwelling	Annual variation	2010	-0,2
13 Madrid, Comunidad de	Second-hand dwelling	Annual variation	2009	-9,3
13 Madrid, Comunidad de	Second-hand dwelling	Annual variation	2008	-10
13 Madrid, Comunidad de	Second-hand dwelling	Annual variation	2007	5,9
14 Murcia, Región de	General	Annual average index	2025	100
14 Murcia, Región de	General	Annual average index	2024	87,476
14 Murcia, Región de	General	Annual average index	2023	80,623
14 Murcia, Región de	General	Annual average index	2022	78,804
14 Murcia, Región de	General	Annual average index	2021	73,214
14 Murcia, Región de	General	Annual average index	2020	69,594
14 Murcia, Región de	General	Annual average index	2019	67,522
14 Murcia, Región de	General	Annual average index	2018	64,582
14 Murcia, Región de	General	Annual average index	2017	62,435
14 Murcia, Región de	General	Annual average index	2016	61,695
14 Murcia, Región de	General	Annual average index	2015	60,846
14 Murcia, Región de	General	Annual average index	2014	59,851
14 Murcia, Región de	General	Annual average index	2013	59,738
14 Murcia, Región de	General	Annual average index	2012	70,536
14 Murcia, Región de	General	Annual average index	2011	79,401
14 Murcia, Región de	General	Annual average index	2010	83,628
14 Murcia, Región de	General	Annual average index	2009	84,503
14 Murcia, Región de	General	Annual average index	2008	85,368
14 Murcia, Región de	General	Annual average index	2007	82,478
14 Murcia, Región de	General	Annual variation	2025	14,3
14 Murcia, Región de	General	Annual variation	2024	8,5
14 Murcia, Región de	General	Annual variation	2023	2,3
14 Murcia, Región de	General	Annual variation	2022	7,6
14 Murcia, Región de	General	Annual variation	2021	5,2
14 Murcia, Región de	General	Annual variation	2020	3,1
14 Murcia, Región de	General	Annual variation	2019	4,6
14 Murcia, Región de	General	Annual variation	2018	3,4
14 Murcia, Región de	General	Annual variation	2017	1,2
14 Murcia, Región de	General	Annual variation	2016	1,4
14 Murcia, Región de	General	Annual variation	2015	1,7
14 Murcia, Región de	General	Annual variation	2014	0,2
14 Murcia, Región de	General	Annual variation	2013	-15,3
14 Murcia, Región de	General	Annual variation	2012	-11,2
14 Murcia, Región de	General	Annual variation	2011	-5,1
14 Murcia, Región de	General	Annual variation	2010	-1
14 Murcia, Región de	General	Annual variation	2009	-1
14 Murcia, Región de	General	Annual variation	2008	3,5
14 Murcia, Región de	General	Annual variation	2007	14,7
14 Murcia, Región de	New dwelling	Annual average index	2025	100
14 Murcia, Región de	New dwelling	Annual average index	2024	89,335
14 Murcia, Región de	New dwelling	Annual average index	2023	81,837
14 Murcia, Región de	New dwelling	Annual average index	2022	77,458
14 Murcia, Región de	New dwelling	Annual average index	2021	71,863
14 Murcia, Región de	New dwelling	Annual average index	2020	67,364
14 Murcia, Región de	New dwelling	Annual average index	2019	63,018
14 Murcia, Región de	New dwelling	Annual average index	2018	57,923
14 Murcia, Región de	New dwelling	Annual average index	2017	54,713
14 Murcia, Región de	New dwelling	Annual average index	2016	53,398
14 Murcia, Región de	New dwelling	Annual average index	2015	50,307
14 Murcia, Región de	New dwelling	Annual average index	2014	48,585
14 Murcia, Región de	New dwelling	Annual average index	2013	49,395
14 Murcia, Región de	New dwelling	Annual average index	2012	59,391
14 Murcia, Región de	New dwelling	Annual average index	2011	65,917
14 Murcia, Región de	New dwelling	Annual average index	2010	68,612
14 Murcia, Región de	New dwelling	Annual average index	2009	69,532
14 Murcia, Región de	New dwelling	Annual average index	2008	68,83
14 Murcia, Región de	New dwelling	Annual average index	2007	64,579
14 Murcia, Región de	New dwelling	Annual variation	2025	11,9
14 Murcia, Región de	New dwelling	Annual variation	2024	9,2
14 Murcia, Región de	New dwelling	Annual variation	2023	5,7
14 Murcia, Región de	New dwelling	Annual variation	2022	7,8
14 Murcia, Región de	New dwelling	Annual variation	2021	6,7
14 Murcia, Región de	New dwelling	Annual variation	2020	6,9
14 Murcia, Región de	New dwelling	Annual variation	2019	8,8
14 Murcia, Región de	New dwelling	Annual variation	2018	5,9
14 Murcia, Región de	New dwelling	Annual variation	2017	2,5
14 Murcia, Región de	New dwelling	Annual variation	2016	6,1
14 Murcia, Región de	New dwelling	Annual variation	2015	3,5
14 Murcia, Región de	New dwelling	Annual variation	2014	-1,6
14 Murcia, Región de	New dwelling	Annual variation	2013	-16,8
14 Murcia, Región de	New dwelling	Annual variation	2012	-9,9
14 Murcia, Región de	New dwelling	Annual variation	2011	-3,9
14 Murcia, Región de	New dwelling	Annual variation	2010	-1,3
14 Murcia, Región de	New dwelling	Annual variation	2009	1
14 Murcia, Región de	New dwelling	Annual variation	2008	6,6
14 Murcia, Región de	New dwelling	Annual variation	2007	16,2
14 Murcia, Región de	Second-hand dwelling	Annual average index	2025	100
14 Murcia, Región de	Second-hand dwelling	Annual average index	2024	87,217
14 Murcia, Región de	Second-hand dwelling	Annual average index	2023	80,453
14 Murcia, Región de	Second-hand dwelling	Annual average index	2022	78,986
14 Murcia, Región de	Second-hand dwelling	Annual average index	2021	73,399
14 Murcia, Región de	Second-hand dwelling	Annual average index	2020	69,907
14 Murcia, Región de	Second-hand dwelling	Annual average index	2019	68,167
14 Murcia, Región de	Second-hand dwelling	Annual average index	2018	65,552
14 Murcia, Región de	Second-hand dwelling	Annual average index	2017	63,605
14 Murcia, Región de	Second-hand dwelling	Annual average index	2016	62,964
14 Murcia, Región de	Second-hand dwelling	Annual average index	2015	62,608
14 Murcia, Región de	Second-hand dwelling	Annual average index	2014	61,803
14 Murcia, Región de	Second-hand dwelling	Annual average index	2013	61,139
14 Murcia, Región de	Second-hand dwelling	Annual average index	2012	71,717
14 Murcia, Región de	Second-hand dwelling	Annual average index	2011	82,873
14 Murcia, Región de	Second-hand dwelling	Annual average index	2010	89,605
14 Murcia, Región de	Second-hand dwelling	Annual average index	2009	89,833
14 Murcia, Región de	Second-hand dwelling	Annual average index	2008	93,564
14 Murcia, Región de	Second-hand dwelling	Annual average index	2007	93,949
14 Murcia, Región de	Second-hand dwelling	Annual variation	2025	14,7
14 Murcia, Región de	Second-hand dwelling	Annual variation	2024	8,4
14 Murcia, Región de	Second-hand dwelling	Annual variation	2023	1,9
14 Murcia, Región de	Second-hand dwelling	Annual variation	2022	7,6
14 Murcia, Región de	Second-hand dwelling	Annual variation	2021	5
14 Murcia, Región de	Second-hand dwelling	Annual variation	2020	2,6
14 Murcia, Región de	Second-hand dwelling	Annual variation	2019	4
14 Murcia, Región de	Second-hand dwelling	Annual variation	2018	3,1
14 Murcia, Región de	Second-hand dwelling	Annual variation	2017	1
14 Murcia, Región de	Second-hand dwelling	Annual variation	2016	0,6
14 Murcia, Región de	Second-hand dwelling	Annual variation	2015	1,3
14 Murcia, Región de	Second-hand dwelling	Annual variation	2014	1,1
14 Murcia, Región de	Second-hand dwelling	Annual variation	2013	-14,7
14 Murcia, Región de	Second-hand dwelling	Annual variation	2012	-13,5
14 Murcia, Región de	Second-hand dwelling	Annual variation	2011	-7,5
14 Murcia, Región de	Second-hand dwelling	Annual variation	2010	-0,3
14 Murcia, Región de	Second-hand dwelling	Annual variation	2009	-4
14 Murcia, Región de	Second-hand dwelling	Annual variation	2008	-0,4
14 Murcia, Región de	Second-hand dwelling	Annual variation	2007	12,9
15 Navarra, Comunidad Foral de	General	Annual average index	2025	100
15 Navarra, Comunidad Foral de	General	Annual average index	2024	89,736
15 Navarra, Comunidad Foral de	General	Annual average index	2023	81,279
15 Navarra, Comunidad Foral de	General	Annual average index	2022	76,734
15 Navarra, Comunidad Foral de	General	Annual average index	2021	71,544
15 Navarra, Comunidad Foral de	General	Annual average index	2020	69,584
15 Navarra, Comunidad Foral de	General	Annual average index	2019	68,433
15 Navarra, Comunidad Foral de	General	Annual average index	2018	65,945
15 Navarra, Comunidad Foral de	General	Annual average index	2017	63,725
15 Navarra, Comunidad Foral de	General	Annual average index	2016	62,34
15 Navarra, Comunidad Foral de	General	Annual average index	2015	61,312
15 Navarra, Comunidad Foral de	General	Annual average index	2014	60,941
15 Navarra, Comunidad Foral de	General	Annual average index	2013	65,166
15 Navarra, Comunidad Foral de	General	Annual average index	2012	73,515
15 Navarra, Comunidad Foral de	General	Annual average index	2011	85,508
15 Navarra, Comunidad Foral de	General	Annual average index	2010	92,616
15 Navarra, Comunidad Foral de	General	Annual average index	2009	98,838
15 Navarra, Comunidad Foral de	General	Annual average index	2008	109,815
15 Navarra, Comunidad Foral de	General	Annual average index	2007	112,476
15 Navarra, Comunidad Foral de	General	Annual variation	2025	11,4
15 Navarra, Comunidad Foral de	General	Annual variation	2024	10,4
15 Navarra, Comunidad Foral de	General	Annual variation	2023	5,9
15 Navarra, Comunidad Foral de	General	Annual variation	2022	7,3
15 Navarra, Comunidad Foral de	General	Annual variation	2021	2,8
15 Navarra, Comunidad Foral de	General	Annual variation	2020	1,7
15 Navarra, Comunidad Foral de	General	Annual variation	2019	3,8
15 Navarra, Comunidad Foral de	General	Annual variation	2018	3,5
15 Navarra, Comunidad Foral de	General	Annual variation	2017	2,2
15 Navarra, Comunidad Foral de	General	Annual variation	2016	1,7
15 Navarra, Comunidad Foral de	General	Annual variation	2015	0,6
15 Navarra, Comunidad Foral de	General	Annual variation	2014	-6,5
15 Navarra, Comunidad Foral de	General	Annual variation	2013	-11,4
15 Navarra, Comunidad Foral de	General	Annual variation	2012	-14
15 Navarra, Comunidad Foral de	General	Annual variation	2011	-7,7
15 Navarra, Comunidad Foral de	General	Annual variation	2010	-6,3
15 Navarra, Comunidad Foral de	General	Annual variation	2009	-10
15 Navarra, Comunidad Foral de	General	Annual variation	2008	-2,4
15 Navarra, Comunidad Foral de	General	Annual variation	2007	7,6
15 Navarra, Comunidad Foral de	New dwelling	Annual average index	2025	100
15 Navarra, Comunidad Foral de	New dwelling	Annual average index	2024	90,691
15 Navarra, Comunidad Foral de	New dwelling	Annual average index	2023	79,07
15 Navarra, Comunidad Foral de	New dwelling	Annual average index	2022	71,305
15 Navarra, Comunidad Foral de	New dwelling	Annual average index	2021	66,7
15 Navarra, Comunidad Foral de	New dwelling	Annual average index	2020	66,525
15 Navarra, Comunidad Foral de	New dwelling	Annual average index	2019	63,418
15 Navarra, Comunidad Foral de	New dwelling	Annual average index	2018	59,798
15 Navarra, Comunidad Foral de	New dwelling	Annual average index	2017	57,156
15 Navarra, Comunidad Foral de	New dwelling	Annual average index	2016	55,765
15 Navarra, Comunidad Foral de	New dwelling	Annual average index	2015	53,74
15 Navarra, Comunidad Foral de	New dwelling	Annual average index	2014	52,812
15 Navarra, Comunidad Foral de	New dwelling	Annual average index	2013	56,613
15 Navarra, Comunidad Foral de	New dwelling	Annual average index	2012	64,197
15 Navarra, Comunidad Foral de	New dwelling	Annual average index	2011	73,626
15 Navarra, Comunidad Foral de	New dwelling	Annual average index	2010	78,393
15 Navarra, Comunidad Foral de	New dwelling	Annual average index	2009	85,214
15 Navarra, Comunidad Foral de	New dwelling	Annual average index	2008	92,334
15 Navarra, Comunidad Foral de	New dwelling	Annual average index	2007	90,769
15 Navarra, Comunidad Foral de	New dwelling	Annual variation	2025	10,3
15 Navarra, Comunidad Foral de	New dwelling	Annual variation	2024	14,7
15 Navarra, Comunidad Foral de	New dwelling	Annual variation	2023	10,9
15 Navarra, Comunidad Foral de	New dwelling	Annual variation	2022	6,9
15 Navarra, Comunidad Foral de	New dwelling	Annual variation	2021	0,3
15 Navarra, Comunidad Foral de	New dwelling	Annual variation	2020	4,9
15 Navarra, Comunidad Foral de	New dwelling	Annual variation	2019	6,1
15 Navarra, Comunidad Foral de	New dwelling	Annual variation	2018	4,6
15 Navarra, Comunidad Foral de	New dwelling	Annual variation	2017	2,5
15 Navarra, Comunidad Foral de	New dwelling	Annual variation	2016	3,8
15 Navarra, Comunidad Foral de	New dwelling	Annual variation	2015	1,8
15 Navarra, Comunidad Foral de	New dwelling	Annual variation	2014	-6,7
15 Navarra, Comunidad Foral de	New dwelling	Annual variation	2013	-11,8
15 Navarra, Comunidad Foral de	New dwelling	Annual variation	2012	-12,8
15 Navarra, Comunidad Foral de	New dwelling	Annual variation	2011	-6,1
15 Navarra, Comunidad Foral de	New dwelling	Annual variation	2010	-8
15 Navarra, Comunidad Foral de	New dwelling	Annual variation	2009	-7,7
15 Navarra, Comunidad Foral de	New dwelling	Annual variation	2008	1,7
15 Navarra, Comunidad Foral de	New dwelling	Annual variation	2007	9,2
15 Navarra, Comunidad Foral de	Second-hand dwelling	Annual average index	2025	100
15 Navarra, Comunidad Foral de	Second-hand dwelling	Annual average index	2024	89,244
15 Navarra, Comunidad Foral de	Second-hand dwelling	Annual average index	2023	82,525
15 Navarra, Comunidad Foral de	Second-hand dwelling	Annual average index	2022	79,582
15 Navarra, Comunidad Foral de	Second-hand dwelling	Annual average index	2021	74,091
15 Navarra, Comunidad Foral de	Second-hand dwelling	Annual average index	2020	71,224
15 Navarra, Comunidad Foral de	Second-hand dwelling	Annual average index	2019	71,114
15 Navarra, Comunidad Foral de	Second-hand dwelling	Annual average index	2018	69,081
15 Navarra, Comunidad Foral de	Second-hand dwelling	Annual average index	2017	67,106
15 Navarra, Comunidad Foral de	Second-hand dwelling	Annual average index	2016	65,535
15 Navarra, Comunidad Foral de	Second-hand dwelling	Annual average index	2015	65,004
15 Navarra, Comunidad Foral de	Second-hand dwelling	Annual average index	2014	65,275
15 Navarra, Comunidad Foral de	Second-hand dwelling	Annual average index	2013	69,504
15 Navarra, Comunidad Foral de	Second-hand dwelling	Annual average index	2012	78,877
15 Navarra, Comunidad Foral de	Second-hand dwelling	Annual average index	2011	93,178
15 Navarra, Comunidad Foral de	Second-hand dwelling	Annual average index	2010	103,439
15 Navarra, Comunidad Foral de	Second-hand dwelling	Annual average index	2009	106,683
15 Navarra, Comunidad Foral de	Second-hand dwelling	Annual average index	2008	123,451
15 Navarra, Comunidad Foral de	Second-hand dwelling	Annual average index	2007	134,265
15 Navarra, Comunidad Foral de	Second-hand dwelling	Annual variation	2025	12,1
15 Navarra, Comunidad Foral de	Second-hand dwelling	Annual variation	2024	8,1
15 Navarra, Comunidad Foral de	Second-hand dwelling	Annual variation	2023	3,7
15 Navarra, Comunidad Foral de	Second-hand dwelling	Annual variation	2022	7,4
15 Navarra, Comunidad Foral de	Second-hand dwelling	Annual variation	2021	4
15 Navarra, Comunidad Foral de	Second-hand dwelling	Annual variation	2020	0,2
15 Navarra, Comunidad Foral de	Second-hand dwelling	Annual variation	2019	2,9
15 Navarra, Comunidad Foral de	Second-hand dwelling	Annual variation	2018	2,9
15 Navarra, Comunidad Foral de	Second-hand dwelling	Annual variation	2017	2,4
15 Navarra, Comunidad Foral de	Second-hand dwelling	Annual variation	2016	0,8
15 Navarra, Comunidad Foral de	Second-hand dwelling	Annual variation	2015	-0,4
15 Navarra, Comunidad Foral de	Second-hand dwelling	Annual variation	2014	-6,1
15 Navarra, Comunidad Foral de	Second-hand dwelling	Annual variation	2013	-11,9
15 Navarra, Comunidad Foral de	Second-hand dwelling	Annual variation	2012	-15,3
15 Navarra, Comunidad Foral de	Second-hand dwelling	Annual variation	2011	-9,9
15 Navarra, Comunidad Foral de	Second-hand dwelling	Annual variation	2010	-3
15 Navarra, Comunidad Foral de	Second-hand dwelling	Annual variation	2009	-13,6
15 Navarra, Comunidad Foral de	Second-hand dwelling	Annual variation	2008	-8,1
15 Navarra, Comunidad Foral de	Second-hand dwelling	Annual variation	2007	5,3
16 País Vasco	General	Annual average index	2025	100
16 País Vasco	General	Annual average index	2024	89,135
16 País Vasco	General	Annual average index	2023	82,155
16 País Vasco	General	Annual average index	2022	79,412
16 País Vasco	General	Annual average index	2021	74,662
16 País Vasco	General	Annual average index	2020	73,143
16 País Vasco	General	Annual average index	2019	71,531
16 País Vasco	General	Annual average index	2018	68,554
16 País Vasco	General	Annual average index	2017	65,024
16 País Vasco	General	Annual average index	2016	61,819
16 País Vasco	General	Annual average index	2015	60,268
16 País Vasco	General	Annual average index	2014	59,689
16 País Vasco	General	Annual average index	2013	59,988
16 País Vasco	General	Annual average index	2012	65,46
16 País Vasco	General	Annual average index	2011	77,123
16 País Vasco	General	Annual average index	2010	83,544
16 País Vasco	General	Annual average index	2009	84,927
16 País Vasco	General	Annual average index	2008	94,658
16 País Vasco	General	Annual average index	2007	98,156
16 País Vasco	General	Annual variation	2025	12,2
16 País Vasco	General	Annual variation	2024	8,5
16 País Vasco	General	Annual variation	2023	3,5
16 País Vasco	General	Annual variation	2022	6,4
16 País Vasco	General	Annual variation	2021	2,1
16 País Vasco	General	Annual variation	2020	2,3
16 País Vasco	General	Annual variation	2019	4,3
16 País Vasco	General	Annual variation	2018	5,4
16 País Vasco	General	Annual variation	2017	5,2
16 País Vasco	General	Annual variation	2016	2,6
16 País Vasco	General	Annual variation	2015	1
16 País Vasco	General	Annual variation	2014	-0,5
16 País Vasco	General	Annual variation	2013	-8,4
16 País Vasco	General	Annual variation	2012	-15,1
16 País Vasco	General	Annual variation	2011	-7,7
16 País Vasco	General	Annual variation	2010	-1,6
16 País Vasco	General	Annual variation	2009	-10,3
16 País Vasco	General	Annual variation	2008	-3,6
16 País Vasco	General	Annual variation	2007	8,2
16 País Vasco	New dwelling	Annual average index	2025	100
16 País Vasco	New dwelling	Annual average index	2024	89,999
16 País Vasco	New dwelling	Annual average index	2023	79,235
16 País Vasco	New dwelling	Annual average index	2022	74,656
16 País Vasco	New dwelling	Annual average index	2021	69,965
16 País Vasco	New dwelling	Annual average index	2020	67,893
16 País Vasco	New dwelling	Annual average index	2019	63,499
16 País Vasco	New dwelling	Annual average index	2018	59,27
16 País Vasco	New dwelling	Annual average index	2017	55,377
16 País Vasco	New dwelling	Annual average index	2016	51,747
16 País Vasco	New dwelling	Annual average index	2015	49,706
16 País Vasco	New dwelling	Annual average index	2014	48,797
16 País Vasco	New dwelling	Annual average index	2013	48,071
16 País Vasco	New dwelling	Annual average index	2012	49,953
16 País Vasco	New dwelling	Annual average index	2011	59,182
16 País Vasco	New dwelling	Annual average index	2010	62,361
16 País Vasco	New dwelling	Annual average index	2009	65,009
16 País Vasco	New dwelling	Annual average index	2008	69,233
16 País Vasco	New dwelling	Annual average index	2007	68,079
16 País Vasco	New dwelling	Annual variation	2025	11,1
16 País Vasco	New dwelling	Annual variation	2024	13,6
16 País Vasco	New dwelling	Annual variation	2023	6,1
16 País Vasco	New dwelling	Annual variation	2022	6,7
16 País Vasco	New dwelling	Annual variation	2021	3,1
16 País Vasco	New dwelling	Annual variation	2020	6,9
16 País Vasco	New dwelling	Annual variation	2019	7,1
16 País Vasco	New dwelling	Annual variation	2018	7
16 País Vasco	New dwelling	Annual variation	2017	7
16 País Vasco	New dwelling	Annual variation	2016	4,1
16 País Vasco	New dwelling	Annual variation	2015	1,9
16 País Vasco	New dwelling	Annual variation	2014	1,5
16 País Vasco	New dwelling	Annual variation	2013	-3,8
16 País Vasco	New dwelling	Annual variation	2012	-15,6
16 País Vasco	New dwelling	Annual variation	2011	-5,1
16 País Vasco	New dwelling	Annual variation	2010	-4,1
16 País Vasco	New dwelling	Annual variation	2009	-6,1
16 País Vasco	New dwelling	Annual variation	2008	1,7
16 País Vasco	New dwelling	Annual variation	2007	9,5
16 País Vasco	Second-hand dwelling	Annual average index	2025	100
16 País Vasco	Second-hand dwelling	Annual average index	2024	88,908
16 País Vasco	Second-hand dwelling	Annual average index	2023	82,788
16 País Vasco	Second-hand dwelling	Annual average index	2022	80,485
16 País Vasco	Second-hand dwelling	Annual average index	2021	75,746
16 País Vasco	Second-hand dwelling	Annual average index	2020	74,307
16 País Vasco	Second-hand dwelling	Annual average index	2019	73,425
16 País Vasco	Second-hand dwelling	Annual average index	2018	70,724
16 País Vasco	Second-hand dwelling	Annual average index	2017	67,298
16 País Vasco	Second-hand dwelling	Annual average index	2016	64,256
16 País Vasco	Second-hand dwelling	Annual average index	2015	62,921
16 País Vasco	Second-hand dwelling	Annual average index	2014	62,545
16 País Vasco	Second-hand dwelling	Annual average index	2013	63,996
16 País Vasco	Second-hand dwelling	Annual average index	2012	72,137
16 País Vasco	Second-hand dwelling	Annual average index	2011	84,537
16 País Vasco	Second-hand dwelling	Annual average index	2010	93,553
16 País Vasco	Second-hand dwelling	Annual average index	2009	93,011
16 País Vasco	Second-hand dwelling	Annual average index	2008	106,946
16 País Vasco	Second-hand dwelling	Annual average index	2007	114,532
16 País Vasco	Second-hand dwelling	Annual variation	2025	12,5
16 País Vasco	Second-hand dwelling	Annual variation	2024	7,4
16 País Vasco	Second-hand dwelling	Annual variation	2023	2,9
16 País Vasco	Second-hand dwelling	Annual variation	2022	6,3
16 País Vasco	Second-hand dwelling	Annual variation	2021	1,9
16 País Vasco	Second-hand dwelling	Annual variation	2020	1,2
16 País Vasco	Second-hand dwelling	Annual variation	2019	3,8
16 País Vasco	Second-hand dwelling	Annual variation	2018	5,1
16 País Vasco	Second-hand dwelling	Annual variation	2017	4,7
16 País Vasco	Second-hand dwelling	Annual variation	2016	2,1
16 País Vasco	Second-hand dwelling	Annual variation	2015	0,6
16 País Vasco	Second-hand dwelling	Annual variation	2014	-2,3
16 País Vasco	Second-hand dwelling	Annual variation	2013	-11,3
16 País Vasco	Second-hand dwelling	Annual variation	2012	-14,7
16 País Vasco	Second-hand dwelling	Annual variation	2011	-9,6
16 País Vasco	Second-hand dwelling	Annual variation	2010	0,6
16 País Vasco	Second-hand dwelling	Annual variation	2009	-13
16 País Vasco	Second-hand dwelling	Annual variation	2008	-6,6
16 País Vasco	Second-hand dwelling	Annual variation	2007	7,5
17 Rioja, La	General	Annual average index	2025	100
17 Rioja, La	General	Annual average index	2024	87,795
17 Rioja, La	General	Annual average index	2023	80,385
17 Rioja, La	General	Annual average index	2022	78,187
17 Rioja, La	General	Annual average index	2021	72,97
17 Rioja, La	General	Annual average index	2020	70,473
17 Rioja, La	General	Annual average index	2019	69,17
17 Rioja, La	General	Annual average index	2018	65,648
17 Rioja, La	General	Annual average index	2017	62,569
17 Rioja, La	General	Annual average index	2016	61,32
17 Rioja, La	General	Annual average index	2015	60,141
17 Rioja, La	General	Annual average index	2014	59,83
17 Rioja, La	General	Annual average index	2013	61,177
17 Rioja, La	General	Annual average index	2012	70,866
17 Rioja, La	General	Annual average index	2011	82,94
17 Rioja, La	General	Annual average index	2010	93,233
17 Rioja, La	General	Annual average index	2009	96,902
17 Rioja, La	General	Annual average index	2008	102,49
17 Rioja, La	General	Annual average index	2007	101,867
17 Rioja, La	General	Annual variation	2025	13,9
17 Rioja, La	General	Annual variation	2024	9,2
17 Rioja, La	General	Annual variation	2023	2,8
17 Rioja, La	General	Annual variation	2022	7,1
17 Rioja, La	General	Annual variation	2021	3,5
17 Rioja, La	General	Annual variation	2020	1,9
17 Rioja, La	General	Annual variation	2019	5,4
17 Rioja, La	General	Annual variation	2018	4,9
17 Rioja, La	General	Annual variation	2017	2
17 Rioja, La	General	Annual variation	2016	2
17 Rioja, La	General	Annual variation	2015	0,5
17 Rioja, La	General	Annual variation	2014	-2,2
17 Rioja, La	General	Annual variation	2013	-13,7
17 Rioja, La	General	Annual variation	2012	-14,6
17 Rioja, La	General	Annual variation	2011	-11
17 Rioja, La	General	Annual variation	2010	-3,8
17 Rioja, La	General	Annual variation	2009	-5,5
17 Rioja, La	General	Annual variation	2008	0,6
17 Rioja, La	General	Annual variation	2007	10,8
17 Rioja, La	New dwelling	Annual average index	2025	100
17 Rioja, La	New dwelling	Annual average index	2024	89,715
17 Rioja, La	New dwelling	Annual average index	2023	81,381
17 Rioja, La	New dwelling	Annual average index	2022	76,628
17 Rioja, La	New dwelling	Annual average index	2021	71,549
17 Rioja, La	New dwelling	Annual average index	2020	67,825
17 Rioja, La	New dwelling	Annual average index	2019	64,109
17 Rioja, La	New dwelling	Annual average index	2018	59,266
17 Rioja, La	New dwelling	Annual average index	2017	55,193
17 Rioja, La	New dwelling	Annual average index	2016	54,102
17 Rioja, La	New dwelling	Annual average index	2015	51,018
17 Rioja, La	New dwelling	Annual average index	2014	50,35
17 Rioja, La	New dwelling	Annual average index	2013	52,253
17 Rioja, La	New dwelling	Annual average index	2012	60,621
17 Rioja, La	New dwelling	Annual average index	2011	70,145
17 Rioja, La	New dwelling	Annual average index	2010	78,157
17 Rioja, La	New dwelling	Annual average index	2009	82,622
17 Rioja, La	New dwelling	Annual average index	2008	86,545
17 Rioja, La	New dwelling	Annual average index	2007	83,259
17 Rioja, La	New dwelling	Annual variation	2025	11,5
17 Rioja, La	New dwelling	Annual variation	2024	10,2
17 Rioja, La	New dwelling	Annual variation	2023	6,2
17 Rioja, La	New dwelling	Annual variation	2022	7,1
17 Rioja, La	New dwelling	Annual variation	2021	5,5
17 Rioja, La	New dwelling	Annual variation	2020	5,8
17 Rioja, La	New dwelling	Annual variation	2019	8,2
17 Rioja, La	New dwelling	Annual variation	2018	7,4
17 Rioja, La	New dwelling	Annual variation	2017	2
17 Rioja, La	New dwelling	Annual variation	2016	6
17 Rioja, La	New dwelling	Annual variation	2015	1,3
17 Rioja, La	New dwelling	Annual variation	2014	-3,6
17 Rioja, La	New dwelling	Annual variation	2013	-13,8
17 Rioja, La	New dwelling	Annual variation	2012	-13,6
17 Rioja, La	New dwelling	Annual variation	2011	-10,3
17 Rioja, La	New dwelling	Annual variation	2010	-5,4
17 Rioja, La	New dwelling	Annual variation	2009	-4,5
17 Rioja, La	New dwelling	Annual variation	2008	3,9
17 Rioja, La	New dwelling	Annual variation	2007	12,9
17 Rioja, La	Second-hand dwelling	Annual average index	2025	100
17 Rioja, La	Second-hand dwelling	Annual average index	2024	87,276
17 Rioja, La	Second-hand dwelling	Annual average index	2023	80,056
17 Rioja, La	Second-hand dwelling	Annual average index	2022	78,182
17 Rioja, La	Second-hand dwelling	Annual average index	2021	72,953
17 Rioja, La	Second-hand dwelling	Annual average index	2020	70,6
17 Rioja, La	Second-hand dwelling	Annual average index	2019	69,563
17 Rioja, La	Second-hand dwelling	Annual average index	2018	66,179
17 Rioja, La	Second-hand dwelling	Annual average index	2017	63,203
17 Rioja, La	Second-hand dwelling	Annual average index	2016	61,912
17 Rioja, La	Second-hand dwelling	Annual average index	2015	61,219
17 Rioja, La	Second-hand dwelling	Annual average index	2014	60,986
17 Rioja, La	Second-hand dwelling	Annual average index	2013	61,573
17 Rioja, La	Second-hand dwelling	Annual average index	2012	71,351
17 Rioja, La	Second-hand dwelling	Annual average index	2011	84,91
17 Rioja, La	Second-hand dwelling	Annual average index	2010	96,838
17 Rioja, La	Second-hand dwelling	Annual average index	2009	96,843
17 Rioja, La	Second-hand dwelling	Annual average index	2008	103,836
17 Rioja, La	Second-hand dwelling	Annual average index	2007	108,76
17 Rioja, La	Second-hand dwelling	Annual variation	2025	14,6
17 Rioja, La	Second-hand dwelling	Annual variation	2024	9
17 Rioja, La	Second-hand dwelling	Annual variation	2023	2,4
17 Rioja, La	Second-hand dwelling	Annual variation	2022	7,2
17 Rioja, La	Second-hand dwelling	Annual variation	2021	3,3
17 Rioja, La	Second-hand dwelling	Annual variation	2020	1,5
17 Rioja, La	Second-hand dwelling	Annual variation	2019	5,1
17 Rioja, La	Second-hand dwelling	Annual variation	2018	4,7
17 Rioja, La	Second-hand dwelling	Annual variation	2017	2,1
17 Rioja, La	Second-hand dwelling	Annual variation	2016	1,1
17 Rioja, La	Second-hand dwelling	Annual variation	2015	0,4
17 Rioja, La	Second-hand dwelling	Annual variation	2014	-1
17 Rioja, La	Second-hand dwelling	Annual variation	2013	-13,7
17 Rioja, La	Second-hand dwelling	Annual variation	2012	-16
17 Rioja, La	Second-hand dwelling	Annual variation	2011	-12,3
17 Rioja, La	Second-hand dwelling	Annual variation	2010	0
17 Rioja, La	Second-hand dwelling	Annual variation	2009	-6,7
17 Rioja, La	Second-hand dwelling	Annual variation	2008	-4,5
17 Rioja, La	Second-hand dwelling	Annual variation	2007	7,6
18 Ceuta	General	Annual average index	2025	100
18 Ceuta	General	Annual average index	2024	88,185
18 Ceuta	General	Annual average index	2023	80,822
18 Ceuta	General	Annual average index	2022	76,599
18 Ceuta	General	Annual average index	2021	70,539
18 Ceuta	General	Annual average index	2020	68,015
18 Ceuta	General	Annual average index	2019	65,14
18 Ceuta	General	Annual average index	2018	60,473
18 Ceuta	General	Annual average index	2017	55,747
18 Ceuta	General	Annual average index	2016	52,223
18 Ceuta	General	Annual average index	2015	49,663
18 Ceuta	General	Annual average index	2014	47,245
18 Ceuta	General	Annual average index	2013	47,097
18 Ceuta	General	Annual average index	2012	50,32
18 Ceuta	General	Annual average index	2011	57,388
18 Ceuta	General	Annual average index	2010	62,832
18 Ceuta	General	Annual average index	2009	65,316
18 Ceuta	General	Annual average index	2008	68,255
18 Ceuta	General	Annual average index	2007	67,536
18 Ceuta	General	Annual variation	2025	13,4
18 Ceuta	General	Annual variation	2024	9,1
18 Ceuta	General	Annual variation	2023	5,5
18 Ceuta	General	Annual variation	2022	8,6
18 Ceuta	General	Annual variation	2021	3,7
18 Ceuta	General	Annual variation	2020	4,4
18 Ceuta	General	Annual variation	2019	7,7
18 Ceuta	General	Annual variation	2018	8,5
18 Ceuta	General	Annual variation	2017	6,7
18 Ceuta	General	Annual variation	2016	5,2
18 Ceuta	General	Annual variation	2015	5,1
18 Ceuta	General	Annual variation	2014	0,3
18 Ceuta	General	Annual variation	2013	-6,4
18 Ceuta	General	Annual variation	2012	-12,3
18 Ceuta	General	Annual variation	2011	-8,7
18 Ceuta	General	Annual variation	2010	-3,8
18 Ceuta	General	Annual variation	2009	-4,3
18 Ceuta	General	Annual variation	2008	1,1
18 Ceuta	General	Annual variation	2007	14,5
18 Ceuta	New dwelling	Annual average index	2025	""
18 Ceuta	New dwelling	Annual average index	2024	""
18 Ceuta	New dwelling	Annual average index	2023	""
18 Ceuta	New dwelling	Annual average index	2022	""
18 Ceuta	New dwelling	Annual average index	2021	""
18 Ceuta	New dwelling	Annual average index	2020	""
18 Ceuta	New dwelling	Annual average index	2019	""
18 Ceuta	New dwelling	Annual average index	2018	""
18 Ceuta	New dwelling	Annual average index	2017	""
18 Ceuta	New dwelling	Annual average index	2016	""
18 Ceuta	New dwelling	Annual average index	2015	""
18 Ceuta	New dwelling	Annual average index	2014	""
18 Ceuta	New dwelling	Annual average index	2013	""
18 Ceuta	New dwelling	Annual average index	2012	""
18 Ceuta	New dwelling	Annual average index	2011	""
18 Ceuta	New dwelling	Annual average index	2010	""
18 Ceuta	New dwelling	Annual average index	2009	""
18 Ceuta	New dwelling	Annual average index	2008	""
18 Ceuta	New dwelling	Annual average index	2007	""
18 Ceuta	New dwelling	Annual variation	2025	""
18 Ceuta	New dwelling	Annual variation	2024	""
18 Ceuta	New dwelling	Annual variation	2023	""
18 Ceuta	New dwelling	Annual variation	2022	""
18 Ceuta	New dwelling	Annual variation	2021	""
18 Ceuta	New dwelling	Annual variation	2020	""
18 Ceuta	New dwelling	Annual variation	2019	""
18 Ceuta	New dwelling	Annual variation	2018	""
18 Ceuta	New dwelling	Annual variation	2017	""
18 Ceuta	New dwelling	Annual variation	2016	""
18 Ceuta	New dwelling	Annual variation	2015	""
18 Ceuta	New dwelling	Annual variation	2014	""
18 Ceuta	New dwelling	Annual variation	2013	""
18 Ceuta	New dwelling	Annual variation	2012	""
18 Ceuta	New dwelling	Annual variation	2011	""
18 Ceuta	New dwelling	Annual variation	2010	""
18 Ceuta	New dwelling	Annual variation	2009	""
18 Ceuta	New dwelling	Annual variation	2008	""
18 Ceuta	New dwelling	Annual variation	2007	""
18 Ceuta	Second-hand dwelling	Annual average index	2025	""
18 Ceuta	Second-hand dwelling	Annual average index	2024	""
18 Ceuta	Second-hand dwelling	Annual average index	2023	""
18 Ceuta	Second-hand dwelling	Annual average index	2022	""
18 Ceuta	Second-hand dwelling	Annual average index	2021	""
18 Ceuta	Second-hand dwelling	Annual average index	2020	""
18 Ceuta	Second-hand dwelling	Annual average index	2019	""
18 Ceuta	Second-hand dwelling	Annual average index	2018	""
18 Ceuta	Second-hand dwelling	Annual average index	2017	""
18 Ceuta	Second-hand dwelling	Annual average index	2016	""
18 Ceuta	Second-hand dwelling	Annual average index	2015	""
18 Ceuta	Second-hand dwelling	Annual average index	2014	""
18 Ceuta	Second-hand dwelling	Annual average index	2013	""
18 Ceuta	Second-hand dwelling	Annual average index	2012	""
18 Ceuta	Second-hand dwelling	Annual average index	2011	""
18 Ceuta	Second-hand dwelling	Annual average index	2010	""
18 Ceuta	Second-hand dwelling	Annual average index	2009	""
18 Ceuta	Second-hand dwelling	Annual average index	2008	""
18 Ceuta	Second-hand dwelling	Annual average index	2007	""
18 Ceuta	Second-hand dwelling	Annual variation	2025	""
18 Ceuta	Second-hand dwelling	Annual variation	2024	""
18 Ceuta	Second-hand dwelling	Annual variation	2023	""
18 Ceuta	Second-hand dwelling	Annual variation	2022	""
18 Ceuta	Second-hand dwelling	Annual variation	2021	""
18 Ceuta	Second-hand dwelling	Annual variation	2020	""
18 Ceuta	Second-hand dwelling	Annual variation	2019	""
18 Ceuta	Second-hand dwelling	Annual variation	2018	""
18 Ceuta	Second-hand dwelling	Annual variation	2017	""
18 Ceuta	Second-hand dwelling	Annual variation	2016	""
18 Ceuta	Second-hand dwelling	Annual variation	2015	""
18 Ceuta	Second-hand dwelling	Annual variation	2014	""
18 Ceuta	Second-hand dwelling	Annual variation	2013	""
18 Ceuta	Second-hand dwelling	Annual variation	2012	""
18 Ceuta	Second-hand dwelling	Annual variation	2011	""
18 Ceuta	Second-hand dwelling	Annual variation	2010	""
18 Ceuta	Second-hand dwelling	Annual variation	2009	""
18 Ceuta	Second-hand dwelling	Annual variation	2008	""
18 Ceuta	Second-hand dwelling	Annual variation	2007	""
19 Melilla	General	Annual average index	2025	100
19 Melilla	General	Annual average index	2024	87,995
19 Melilla	General	Annual average index	2023	81,467
19 Melilla	General	Annual average index	2022	77,334
19 Melilla	General	Annual average index	2021	71,361
19 Melilla	General	Annual average index	2020	67,107
19 Melilla	General	Annual average index	2019	64,218
19 Melilla	General	Annual average index	2018	61,015
19 Melilla	General	Annual average index	2017	56,605
19 Melilla	General	Annual average index	2016	53,78
19 Melilla	General	Annual average index	2015	51,054
19 Melilla	General	Annual average index	2014	49,318
19 Melilla	General	Annual average index	2013	49,098
19 Melilla	General	Annual average index	2012	56,185
19 Melilla	General	Annual average index	2011	63,734
19 Melilla	General	Annual average index	2010	70,29
19 Melilla	General	Annual average index	2009	69,949
19 Melilla	General	Annual average index	2008	68,496
19 Melilla	General	Annual average index	2007	66,415
19 Melilla	General	Annual variation	2025	13,6
19 Melilla	General	Annual variation	2024	8
19 Melilla	General	Annual variation	2023	5,3
19 Melilla	General	Annual variation	2022	8,4
19 Melilla	General	Annual variation	2021	6,3
19 Melilla	General	Annual variation	2020	4,5
19 Melilla	General	Annual variation	2019	5,2
19 Melilla	General	Annual variation	2018	7,8
19 Melilla	General	Annual variation	2017	5,3
19 Melilla	General	Annual variation	2016	5,3
19 Melilla	General	Annual variation	2015	3,5
19 Melilla	General	Annual variation	2014	0,4
19 Melilla	General	Annual variation	2013	-12,6
19 Melilla	General	Annual variation	2012	-11,8
19 Melilla	General	Annual variation	2011	-9,3
19 Melilla	General	Annual variation	2010	0,5
19 Melilla	General	Annual variation	2009	2,1
19 Melilla	General	Annual variation	2008	3,1
19 Melilla	General	Annual variation	2007	15,5
19 Melilla	New dwelling	Annual average index	2025	""
19 Melilla	New dwelling	Annual average index	2024	""
19 Melilla	New dwelling	Annual average index	2023	""
19 Melilla	New dwelling	Annual average index	2022	""
19 Melilla	New dwelling	Annual average index	2021	""
19 Melilla	New dwelling	Annual average index	2020	""
19 Melilla	New dwelling	Annual average index	2019	""
19 Melilla	New dwelling	Annual average index	2018	""
19 Melilla	New dwelling	Annual average index	2017	""
19 Melilla	New dwelling	Annual average index	2016	""
19 Melilla	New dwelling	Annual average index	2015	""
19 Melilla	New dwelling	Annual average index	2014	""
19 Melilla	New dwelling	Annual average index	2013	""
19 Melilla	New dwelling	Annual average index	2012	""
19 Melilla	New dwelling	Annual average index	2011	""
19 Melilla	New dwelling	Annual average index	2010	""
19 Melilla	New dwelling	Annual average index	2009	""
19 Melilla	New dwelling	Annual average index	2008	""
19 Melilla	New dwelling	Annual average index	2007	""
19 Melilla	New dwelling	Annual variation	2025	""
19 Melilla	New dwelling	Annual variation	2024	""
19 Melilla	New dwelling	Annual variation	2023	""
19 Melilla	New dwelling	Annual variation	2022	""
19 Melilla	New dwelling	Annual variation	2021	""
19 Melilla	New dwelling	Annual variation	2020	""
19 Melilla	New dwelling	Annual variation	2019	""
19 Melilla	New dwelling	Annual variation	2018	""
19 Melilla	New dwelling	Annual variation	2017	""
19 Melilla	New dwelling	Annual variation	2016	""
19 Melilla	New dwelling	Annual variation	2015	""
19 Melilla	New dwelling	Annual variation	2014	""
19 Melilla	New dwelling	Annual variation	2013	""
19 Melilla	New dwelling	Annual variation	2012	""
19 Melilla	New dwelling	Annual variation	2011	""
19 Melilla	New dwelling	Annual variation	2010	""
19 Melilla	New dwelling	Annual variation	2009	""
19 Melilla	New dwelling	Annual variation	2008	""
19 Melilla	New dwelling	Annual variation	2007	""
19 Melilla	Second-hand dwelling	Annual average index	2025	""
19 Melilla	Second-hand dwelling	Annual average index	2024	""
19 Melilla	Second-hand dwelling	Annual average index	2023	""
19 Melilla	Second-hand dwelling	Annual average index	2022	""
19 Melilla	Second-hand dwelling	Annual average index	2021	""
19 Melilla	Second-hand dwelling	Annual average index	2020	""
19 Melilla	Second-hand dwelling	Annual average index	2019	""
19 Melilla	Second-hand dwelling	Annual average index	2018	""
19 Melilla	Second-hand dwelling	Annual average index	2017	""
19 Melilla	Second-hand dwelling	Annual average index	2016	""
19 Melilla	Second-hand dwelling	Annual average index	2015	""
19 Melilla	Second-hand dwelling	Annual average index	2014	""
19 Melilla	Second-hand dwelling	Annual average index	2013	""
19 Melilla	Second-hand dwelling	Annual average index	2012	""
19 Melilla	Second-hand dwelling	Annual average index	2011	""
19 Melilla	Second-hand dwelling	Annual average index	2010	""
19 Melilla	Second-hand dwelling	Annual average index	2009	""
19 Melilla	Second-hand dwelling	Annual average index	2008	""
19 Melilla	Second-hand dwelling	Annual average index	2007	""
19 Melilla	Second-hand dwelling	Annual variation	2025	""
19 Melilla	Second-hand dwelling	Annual variation	2024	""
19 Melilla	Second-hand dwelling	Annual variation	2023	""
19 Melilla	Second-hand dwelling	Annual variation	2022	""
19 Melilla	Second-hand dwelling	Annual variation	2021	""
19 Melilla	Second-hand dwelling	Annual variation	2020	""
19 Melilla	Second-hand dwelling	Annual variation	2019	""
19 Melilla	Second-hand dwelling	Annual variation	2018	""
19 Melilla	Second-hand dwelling	Annual variation	2017	""
19 Melilla	Second-hand dwelling	Annual variation	2016	""
19 Melilla	Second-hand dwelling	Annual variation	2015	""
19 Melilla	Second-hand dwelling	Annual variation	2014	""
19 Melilla	Second-hand dwelling	Annual variation	2013	""
19 Melilla	Second-hand dwelling	Annual variation	2012	""
19 Melilla	Second-hand dwelling	Annual variation	2011	""
19 Melilla	Second-hand dwelling	Annual variation	2010	""
19 Melilla	Second-hand dwelling	Annual variation	2009	""
19 Melilla	Second-hand dwelling	Annual variation	2008	""
19 Melilla	Second-hand dwelling	Annual variation	2007	""
